Ano,UF,Governador,Apoio declarado,Governador (% dos válidos),Presidente apoiado (% dos válidos),Diferença (pontos)
2026,GO,Daniel Vilela,Caiado,59.1702,12.3318,46.8383
2026,SP,Tarcisio,Flavio,62.6537,51.9324,10.7213
2026,MS,Eduardo Riedel,Flavio,67.067,58.6032,8.4638
2026,MG,Cleitinho Azevedo,Flavio,55.3953,48.2416,7.1537
2026,PA,Dr. Daniel,Flavio,51.3643,44.4968,6.8675
2026,PB,Lucas Ribeiro,Lula,64.298,61.308,2.99
2026,RS,Zucco,Flavio,58.0451,55.64,2.4051
2026,SC,Jorginho Mello,Flavio,68.9788,66.6538,2.3249
2026,PI,Rafael Fonteles,Lula,70.9034,70.9893,-0.0859
2026,RR,Arthur Henrique,Flavio,69.1296,71.0568,-1.9272
2026,SE,Fabio,Lula,59.2735,62.749,-3.4754
2026,MT,Otaviano Pivetta,Flavio,60.7716,65.1477,-4.3761
2026,PR,Sergio Moro,Flavio,50.0963,59.9119,-9.8156
2026,CE,Elmano de Freitas,Lula,53.1913,63.2855,-10.0942
2026,BA,Jeronimo Rodrigues,Lula,55.801,66.175,-10.374
2026,RO,Marcos Rogerio,Flavio,56.8611,67.4533,-10.5923
2022,PA,Helder Barbalho,Lula,70.4073,52.2172,18.1902
2022,PR,Ratinho Junior,Bolsonaro,69.6437,55.2572,14.3865
2022,TO,Wanderlei Barbosa,Bolsonaro,58.1376,44.0006,14.1369
2022,MG,Romeu Zema,Bolsonaro,56.1849,43.6001,12.5848
2022,MT,Mauro Mendes,Bolsonaro,68.4523,59.8444,8.6079
2022,AP,Clecio Luis,Lula,53.6881,45.6733,8.0149
2022,RJ,Claudio Castro,Bolsonaro,58.6402,51.0882,7.552
2022,GO,Ronaldo Caiado,Bolsonaro,51.8052,52.1586,-0.3534
2022,DF,Ibaneis Rocha,Bolsonaro,50.2975,51.6515,-1.354
2022,RN,Fatima Bezerra,Lula,58.3112,62.9802,-4.669
2022,AC,Gladson Cameli,Bolsonaro,56.7511,62.502,-5.751
2022,CE,Elmano de Freitas,Lula,54.0173,65.9087,-11.8914
2022,RR,Antonio Denarium,Bolsonaro,56.4723,69.5739,-13.1017
2022,PI,Rafael Fonteles,Lula,56.7199,74.2525,-17.5326
2022,MA,Carlos Brandao,Lula,51.2899,68.8445,-17.5546
