Ponto,% das seções,Flávio publicado,Flávio refeito,Lula publicado,Lula refeito,Melhor erro na janela (pontos),Encaixa,Fontes
P01,1.5,49.2,49.56,42.2,41.7,0.069,sim,1
P02,7.6,50.7,50.93,41.0,40.73,0.237,não,1
P03,22.0,51.1,51.09,40.8,40.79,0.009,sim,1
P04,64.81,49.58,49.6,42.25,42.23,0.002,sim,3
P05,84.96,48.47,48.47,43.49,43.49,0.004,sim,3
P06,88.0,48.2,48.24,43.8,43.75,0.008,sim,1
P07,90.56,48.02,48.03,44.0,43.99,0.001,sim,2
P08,90.0,48.04,48.08,43.98,43.93,0.002,sim,1
P09,93.0,47.8,47.81,44.2,44.23,0.023,sim,1
P10,99.0,47.2,47.19,44.9,44.97,0.027,sim,1
P11,99.4,47.2,47.13,45.0,45.05,0.019,sim,1
P12,99.7,47.1,47.07,45.1,45.11,0.01,sim,1
P13,99.63,47.11,47.08,45.07,45.1,0.002,sim,1
P14,99.95,47.0,47.03,45.2,45.16,0.037,sim,1
