UF,Flávio (%),Lula (%),PL: candidatos,PL: eleitos,PL: voto por candidato (% dos eleitores),Apoiados por Flávio: eleitos,PT: eleitos,PL fora da faixa histórica
AC,64.5553,28.7316,1,1,51.1759,2,0,
AL,40.4495,54.73,0,0,,2,0,
AM,44.9963,48.2317,1,0,47.3291,0,0,acima
AP,45.6651,45.7135,0,0,,2,0,
BA,28.5339,66.175,1,0,39.9412,0,2,acima
CE,31.2728,63.2855,1,0,36.568,0,0,acima
DF,51.3093,38.1106,2,2,56.4953,2,0,acima
ES,54.7824,37.7609,1,0,37.8033,1,0,
GO,53.6046,31.0589,2,1,34.663,1,0,
MA,30.8954,63.9905,1,0,16.8863,0,0,
MG,48.2416,43.3273,1,1,48.4188,1,1,
MS,58.6032,34.6818,2,2,67.4678,2,0,acima
MT,65.1477,29.182,1,1,54.6968,1,0,
PA,44.4968,49.9106,1,0,44.5266,0,0,
PB,33.0732,61.308,1,0,24.9242,0,0,
PE,31.0308,63.4522,1,0,37.1302,0,1,acima
PI,24.0882,70.9893,1,0,17.7026,0,0,
PR,59.9119,31.2,1,1,54.5075,2,0,
RJ,53.0096,39.4145,2,2,51.3346,2,0,
RN,34.7745,59.7502,1,0,34.3991,1,1,
RO,67.4533,25.8938,2,2,58.5378,2,0,
RR,71.0568,22.8601,2,1,35.6467,1,0,
RS,55.64,35.727,1,1,60.2248,2,0,acima
SC,66.6538,25.0432,2,2,58.8192,2,0,
SE,30.629,62.749,2,0,7.2746,0,1,
SP,51.9324,38.1995,1,1,58.5653,2,0,acima
TO,50.4404,43.421,1,1,54.4477,1,0,acima
