tipo,url,consultado_utc,status,bytes,sha256,titulo
apuracao,https://agenciabrasil.ebc.com.br/justica/noticia/2026-10/congestionamento-no-sistema-de-dados-gerou-atraso-na-apuracao-diz-tse,2026-10-06T02:28:58+00:00,200,96807,e9a16e49939dcbe4eb3ecb549e955fd85aa6f2e31408838707b826ee9ff43520,"Congestionamento no sistema de dados gerou atraso na apuração, diz TSE | Agência Brasil"
apuracao,https://jornaldebrasilia.com.br/noticias/politica-e-poder/sistema-do-tse-trava-durante-apuracao-presidencial-e-deixa-resultados-parados-por-mais-de-uma-hora/,2026-10-06T02:28:58+00:00,200,86328,30fb7e6e137c65cb8c9eacc036b633656d792c2caf49731fa4a8a61392d99c5a,Sistema do TSE trava durante apuração presidencial e deixa resultados parados por mais de uma hora | Jornal de Brasília
apuracao,https://www.boatos.org/politica/tse-vai-investigar-se-atraso-na-divulgacao-de-resultados-das-eleicoes-tem-relacao-com-fraude-contra-flavio-bolsonaro.html,2026-10-06T02:28:59+00:00,200,230037,3809e3bea0d77ed87b23b14b5d02d667bba18dfe7f7930358d64988d670d1f58,TSE vai investigar se atraso na divulgação de resultados das eleições tem relação com fraude contra Flávio Bolsonaro?
apuracao,https://www.cnnbrasil.com.br/eleicoes/tse-registrou-congestionamento-no-sistema-de-divulgacao-diz-nunes-marques/,2026-10-06T02:29:00+00:00,200,388489,f89c3134d8214d7d85468227c8071de94b1786024a577422a6472d19ed50d18b,"TSE registrou congestionamento no sistema de divulgação, diz Nunes Marques | CNN Brasil"
apuracao,https://www.bloomberglinea.com.br/brasil/ao-vivo-brasil-vai-as-urnas-para-eleger-presidente-governadores-e-congresso/,2026-10-06T02:29:00+00:00,200,644469,85c573207fcb5c179301ee824be1e59a03a4c9f97cc8753813799c53f9729253,Eleições 2026 ao vivo: últimas notícias da votação do 1º turno
apuracao,https://tribunadonorte.com.br/tn-nas-eleicoes-2026/90-das-urnas-apuradas-flavio-tem-4802-e-lula-chega-a-44/,2026-10-06T02:29:01+00:00,200,185964,e44b78ddf5bd35e2351adf82448a513cb2078b584a95cd18630320cbc5762d94,"90% das urnas apuradas: Flávio tem 48,02% e Lula chega a 44% - Tribuna do Norte"
apuracao,https://www.tribunadosertao.com.br/geral/2026/10/04/990634-com-90-das-urnas-apuradas-lula-segue-atras-de-flavio,2026-10-06T02:29:02+00:00,200,45012,5d28ee283b5028b48ee9bf4c83a913658c155d26fbf4dc5fa3e40c1426db7618,"Com 90% das urnas apuradas, Lula segue atrás de Flávio"
apuracao,https://sampi.net.br/ovale/noticias/3009139/geral/2026/10/com-648-de-votos-apurados-flavio-tem-4958-e-lula-tem-4225,2026-10-06T02:29:02+00:00,200,63530,89bf4df39cdc935d1cac666c38a3c978b4889c705c188b045060a8f05748b0b2,"Com 64,8% de votos apurados, Flávio tem 49,58% e Lula tem 42,25%"
apuracao,https://sampi.net.br/ovale/noticias/3009166/geral/2026/10/com-85-de-apuracao-flavio-tem-4847-lula-esta-com-4349,2026-10-06T02:29:02+00:00,200,62334,c2e819b56fab4a63aa13899f0fc261b3eb98064349956cb4e39fd4133737d9b8,"Com 85% de apuração, Flavio tem 48,47%; Lula está com 43,49%"
apuracao,https://www.band.com.br/politica/eleicoes/eleicoes-2026-veja-a-diferenca-de-votos-entre-flavio-e-lula-no-1o-turno,2026-10-06T02:29:06+00:00,200,264936,961679af92e3343000a91daf58ae5d64c78c85a1b9aa919739895178934d10f3,Eleições 2026: veja a diferença de votos entre Flávio e Lula no 1º turno
apuracao,https://www.tse.jus.br/comunicacao/noticias/2026/Outubro/presidente-do-tse-conclui-1o-turno-das-eleicoes-2026-e-projeta-mesma-tranquilidade-para-segunda-fase-do-pleito,2026-10-06T02:29:06+00:00,200,145193,deacef2345cc264d3f2532e0093669d49e377abc0275b2cb2b8255773ae30e7b,Presidente do TSE conclui 1º turno das Eleições 2026 e projeta mesma tranquilidade para segunda fase do pleito — Tribunal Superior Eleitoral
apuracao,https://www.tse.jus.br/comunicacao/noticias/2026/Outubro/flavio-bolsonaro-e-lula-vao-disputar-o-2o-turno-para-a-presidencia-da-republica,2026-10-06T02:29:06+00:00,200,125446,9d91ef0152e2c47315035625de7a7f75b457977a401b4f6aff7d265f88723b72,Flávio Bolsonaro (PL) e Lula (PT) vão disputar o 2º turno para a Presidência da República — Tribunal Superior Eleitoral
processo,https://www.diariodepernambuco.com.br/brasil/2026/08/11721101-totalizacao-dos-votos-e-aberta-auditavel-e-segura-diz-tse.html,2026-10-06T02:29:09+00:00,200,170110,d20152da2552a34ea4f893955ab1b04232afa051a004b86201ce6c7ad4cd2340,"Totalização dos votos é aberta, auditável e segura, diz TSE | Diario de Pernambuco - Conectando gerações desde 1825"
processo,https://www.tse.jus.br/eleicoes/informacoes-tecnicas-sobre-a-divulgacao-de-resultados,2026-10-06T02:29:09+00:00,200,143883,db4141b56060eb08412702a4ba1c85a2c2bcdb992d9613c9bd755e4ed31ebdaf,Informações técnicas sobre a divulgação de resultados 2026 — Tribunal Superior Eleitoral
apoio,https://www.cnnbrasil.com.br/eleicoes/governadores-eleitos-flavio-lula/,2026-10-06T02:29:09+00:00,200,428320,cfb376b884f6a1127e03c9eefb4b6d582f7deb963ec5fde746054483b5007b17,Metade dos governadores eleitos apoiaram Flávio no primeiro turno | CNN Brasil
apoio,https://www.spacemoney.com.br/politica/governadores-eleitos-2026-apoio-flavio-lula,2026-10-06T02:29:10+00:00,200,389208,1c7c27821c378dcc275dcc25f3773da0477fd36ecab1cc20642fd87df590078f,Governadores eleitos em 2026: 11 apoiaram Flávio
apoio,https://ranking.org.br/en/articles/quem-flavio-bolsonaro-apoia-senado-2026,2026-10-06T02:29:11+00:00,200,327050,6fe9877804a5ed5410fa285fab27fb08e63cc885748efe031cdd2b0a7abf5bfc,Quem Flávio Bolsonaro apoia para o Senado em 2026 - Ranking dos Políticos
apoio,https://www.metropoles.com/sao-paulo/tenho-certeza-que-a-vitoria-esta-chegando-diz-tarcisio-sobre-flavio,2026-10-06T02:29:12+00:00,200,217600,944ad99cc41bb2740018f8813f822414e319b9664ecf5b204531b82a90084ed9,
apoio,https://tribunadejundiai.com.br/politica/eleicoes-2026/tarcisio-apoio-flavio-bolsonaro-2026/,2026-10-06T02:29:12+00:00,200,331382,33adf670c4537f39ed1dec64489cfb45fa1fc75c8528002a4d3b8af519cc9ad0,Tarcísio de Freitas reforça aliança e garante apoio a Flávio Bolsonaro - Tribuna de Jundiaí
apoio,https://acritica.net/eleicoes-2026/tarcisio-apoio-incondicional-flavio-bolsonaro-sao-paulo/,2026-10-06T02:29:12+00:00,200,372112,7a5c3d294a3f53bffdba542e852ae451d4e255356ec92b9bdd46cd503e281e87,Tarcísio declara apoio a Flávio Bolsonaro em São Paulo
apoio,https://www.cnnbrasil.com.br/eleicoes/divisao-bancada-senado/,2026-10-06T02:29:13+00:00,200,431676,9d053f1f6b3576abced4d830e02eee863d3885df67cd214daafd8337f4678ec7,PL elege 19 senadores e terá a maior bancada do Senado; veja divisão | CNN Brasil
apoio,https://www.cnnbrasil.com.br/politica/oito-governadores-eleitos-se-aliam-a-bolsonaro-e-quatro-apoiam-lula/,2026-10-06T02:29:14+00:00,200,442399,3190e24bf13791428da05a9db8df98b56b1c9f61742ac1c301f5fd67ed563473,"Nove governadores eleitos se aliam a Bolsonaro, e seis apoiam Lula | CNN Brasil"
apoio,https://www.gazetadopovo.com.br/eleicoes/2022/governadores-eleitos-primeiro-turno-aliados-lula-bolsonaro/,2026-10-06T02:29:15+00:00,200,299623,c63f54c454507b136efb5cb73db51f73b44cc75ea2620be5ed618cd0ecfc56e0,Governadores eleitos no primeiro turno: quem apoia Lula e Bolsonaro
apoio,https://agenciabrasil.ebc.com.br/politica/noticia/2018-10/bolsonaro-recebeu-apoio-de-15-dos-27-governadores-eleitos,2026-10-06T02:29:15+00:00,200,97657,6e2e1679b9b7875a26c62593c6cee1581f9d5631299ee18ffa825df252d7b11b,Bolsonaro recebeu apoio de 15 dos 27 governadores eleitos | Agência Brasil
metodo,https://en.wikipedia.org/wiki/Election_forensics,2026-10-06T02:29:16+00:00,200,148351,f4eb4f38273f7f5b4bcd6e6582adc9253d383bc0c9e4e459f9e188ff56ae3633,Election forensics - Wikipedia
metodo,https://arxiv.org/pdf/1410.6059,2026-10-06T02:29:16+00:00,200,1474280,7e4b6f82160356a841f5dec640365bd1e5e6142cfb9afc3114ca561df36897b9,
