faixa,Centro-Oeste,Exterior,Nordeste,Norte,Sudeste,Sul
2026-10-04 17:00:00,1826,777,1513,2807,1057,3342
2026-10-04 17:30:00,10412,17,12915,9153,13015,16307
2026-10-04 18:00:00,10900,6,23901,9194,38111,20942
2026-10-04 18:30:00,8107,9,29625,8519,60533,18136
2026-10-04 19:00:00,4899,73,35871,7787,59460,10819
2026-10-04 19:30:00,284,55,3101,488,3413,389
2026-10-04 20:00:00,991,65,12536,1836,11281,1235
2026-10-04 20:30:00,575,165,15863,2354,14003,670
2026-10-04 21:00:00,47,80,3248,530,1649,33
2026-10-04 21:30:00,5,8,1261,233,480,54
2026-10-04 22:00:00,1,33,561,96,148,86
2026-10-04 22:30:00,1,21,211,37,68,2
2026-10-04 23:00:00,0,0,98,10,1,0
2026-10-04 23:30:00,0,0,18,6,1,0
2026-10-05 00:00:00,0,0,0,2,0,0
2026-10-05 00:30:00,0,0,1,3,2,0
2026-10-05 01:30:00,0,0,45,0,0,0
2026-10-05 02:30:00,0,0,0,1,0,0
2026-10-05 08:30:00,0,0,0,11,0,0
2026-10-05 09:00:00,0,0,0,17,0,0
2026-10-05 09:30:00,0,0,0,11,0,0
2026-10-05 10:00:00,0,0,0,2,0,0
2026-10-05 10:30:00,0,0,51,2,0,0
2026-10-05 11:00:00,0,0,0,14,0,0
2026-10-05 12:00:00,0,0,0,9,0,0
2026-10-05 12:30:00,0,0,1,50,0,0
2026-10-05 13:00:00,0,0,1,80,0,0
2026-10-05 13:30:00,0,0,6,173,0,0
2026-10-05 14:00:00,0,0,0,230,0,0
2026-10-05 14:30:00,0,0,1,9,0,0
2026-10-05 15:00:00,0,0,0,13,0,0
2026-10-05 17:00:00,0,0,0,1,0,0
2026-10-05 17:30:00,0,0,0,8,0,0
2026-10-05 18:00:00,0,0,0,83,0,0
