tipo_de_grupo,grupo,secoes,recebido_mediana,recebido_p10,recebido_p90,pct_ate_19h06,margem_final_flavio_lula
regiao,Centro-Oeste,38048,2026-10-04 18:20:49.000,2026-10-04 17:38:33.700,2026-10-04 19:13:51.000,85.2949,23.8920
regiao,Exterior,1309,2026-10-04 17:08:51.000,2026-10-04 17:08:47.000,2026-10-04 21:09:03.000,62.0321,-4.0761
regiao,Nordeste,140828,2026-10-04 19:01:54.000,2026-10-04 17:59:45.000,2026-10-04 20:50:57.000,53.4162,-32.9201
regiao,Norte,43769,2026-10-04 18:32:00.000,2026-10-04 17:36:34.000,2026-10-04 20:18:54.200,72.3686,4.5020
regiao,Sudeste,203222,2026-10-04 18:55:11.000,2026-10-04 18:12:41.000,2026-10-04 20:10:58.000,62.8534,11.6804
regiao,Sul,72015,2026-10-04 18:25:02.000,2026-10-04 17:39:45.000,2026-10-04 19:11:22.000,86.2390,28.7999
capital_ou_interior,capital,102949,2026-10-04 18:36:11.000,2026-10-04 17:38:35.000,2026-10-04 20:01:02.000,72.3164,0.6063
capital_ou_interior,interior,396242,2026-10-04 18:47:06.000,2026-10-04 17:56:38.000,2026-10-04 20:23:55.000,64.4942,2.2365
porte_municipio,1 menores,99912,2026-10-04 18:42:53.000,2026-10-04 17:47:38.000,2026-10-04 20:32:01.000,66.0791,-7.2883
porte_municipio,2,99832,2026-10-04 18:43:10.000,2026-10-04 17:55:40.000,2026-10-04 20:42:00.000,65.3608,-5.1422
porte_municipio,3,99962,2026-10-04 18:54:44.000,2026-10-04 18:09:05.000,2026-10-04 20:17:58.000,62.4327,7.5033
porte_municipio,4,99811,2026-10-04 18:44:20.000,2026-10-04 17:55:37.000,2026-10-04 20:00:25.000,69.6366,12.1983
porte_municipio,5 maiores,99674,2026-10-04 18:43:45.000,2026-10-04 17:41:39.000,2026-10-04 20:05:58.000,67.0345,0.3959
tamanho_secao,1 menores,125491,2026-10-04 18:34:02.000,2026-10-04 17:46:40.000,2026-10-04 20:00:55.000,74.7528,-5.9499
tamanho_secao,2,125631,2026-10-04 18:38:09.000,2026-10-04 17:49:44.000,2026-10-04 20:00:16.000,73.4667,2.1436
tamanho_secao,3,125090,2026-10-04 18:49:17.000,2026-10-04 17:55:49.000,2026-10-04 20:09:58.000,63.8149,5.5651
tamanho_secao,4 maiores,122979,2026-10-04 19:03:55.000,2026-10-04 18:09:17.000,2026-10-04 20:48:10.000,52.0991,3.1407
uf,AC,2270,2026-10-04 18:17:47.500,2026-10-04 17:35:43.000,2026-10-04 18:57:48.100,92.1145,35.8237
uf,AL,7101,2026-10-04 19:20:54.000,2026-10-04 18:19:51.000,2026-10-04 20:57:00.000,33.6713,-14.2805
uf,AM,8157,2026-10-04 18:36:06.000,2026-10-04 17:39:35.000,2026-10-04 20:28:55.000,68.4565,-3.2354
uf,AP,1914,2026-10-04 18:44:50.500,2026-10-04 17:52:42.300,2026-10-04 20:10:36.800,65.3605,-0.0484
uf,BA,35476,2026-10-04 19:10:48.500,2026-10-04 18:16:55.000,2026-10-04 20:57:05.000,44.9543,-37.6411
uf,CE,23765,2026-10-04 19:11:52.000,2026-10-04 18:15:45.000,2026-10-04 20:53:07.000,42.8277,-32.0127
uf,DF,6969,2026-10-04 17:46:46.000,2026-10-04 17:23:33.000,2026-10-04 18:31:44.400,98.1059,13.1988
uf,ES,9844,2026-10-04 18:17:02.000,2026-10-04 17:47:35.000,2026-10-04 18:59:41.800,93.0516,17.0214
uf,GO,15686,2026-10-04 18:37:28.000,2026-10-04 17:56:52.000,2026-10-04 19:27:37.500,74.6398,22.5457
uf,MA,18093,2026-10-04 19:01:06.000,2026-10-04 17:57:56.000,2026-10-04 20:51:02.800,54.6786,-33.0952
uf,MG,52059,2026-10-04 18:57:04.000,2026-10-04 17:57:40.000,2026-10-04 20:42:58.400,59.0484,4.9144
uf,MS,7106,2026-10-04 18:10:04.000,2026-10-04 17:40:46.000,2026-10-04 18:42:21.000,96.1019,23.9214
uf,MT,8287,2026-10-04 18:24:58.000,2026-10-04 17:38:40.000,2026-10-04 19:14:35.000,85.4230,35.9657
uf,PA,20827,2026-10-04 18:45:46.000,2026-10-04 17:39:24.000,2026-10-04 20:52:02.400,62.7311,-5.4138
uf,PB,10712,2026-10-04 18:14:38.000,2026-10-04 17:33:36.000,2026-10-04 19:04:58.900,90.4220,-28.2347
uf,PE,21418,2026-10-04 19:05:01.000,2026-10-04 18:12:39.000,2026-10-04 20:41:57.000,50.5790,-32.4214
uf,PI,10225,2026-10-04 18:39:02.000,2026-10-04 17:53:49.400,2026-10-04 20:22:55.600,68.4988,-46.9011
uf,PR,27142,2026-10-04 18:12:02.000,2026-10-04 17:30:32.100,2026-10-04 18:54:09.900,95.7851,28.7119
uf,RJ,37675,2026-10-04 19:08:48.000,2026-10-04 18:24:05.000,2026-10-04 20:49:02.000,46.2588,13.5951
uf,RN,8115,2026-10-04 18:54:18.000,2026-10-04 17:54:50.000,2026-10-04 20:07:55.800,60.9612,-24.9757
uf,RO,4698,2026-10-04 18:19:03.500,2026-10-04 17:31:36.000,2026-10-04 19:04:54.100,90.1022,41.5596
uf,RR,1519,2026-10-04 18:39:52.000,2026-10-04 17:58:43.000,2026-10-04 19:09:52.400,85.2535,48.1967
uf,RS,27547,2026-10-04 18:27:00.000,2026-10-04 17:46:44.000,2026-10-04 19:11:48.400,85.3015,19.9130
uf,SC,17326,2026-10-04 18:45:44.000,2026-10-04 17:58:48.000,2026-10-04 19:24:56.000,72.7750,41.6106
uf,SE,5923,2026-10-04 18:42:19.000,2026-10-04 18:12:02.000,2026-10-04 19:22:07.800,73.3581,-32.1200
uf,SP,103644,2026-10-04 18:49:23.000,2026-10-04 18:16:51.000,2026-10-04 19:31:13.000,67.9287,13.7329
uf,TO,4384,2026-10-04 17:54:42.500,2026-10-04 17:27:46.000,2026-10-04 18:44:48.700,94.7993,7.0194
uf,ZZ,1309,2026-10-04 17:08:51.000,2026-10-04 17:08:47.000,2026-10-04 21:09:03.000,62.0321,-4.0761
