uf_capital,secoes_no_lote,peso_no_lote_pct,margem_do_grupo_no_lote,margem_do_grupo_antes,margem_final_do_grupo,contribuicao_pontos
BA-interior,7262,7.0043,-35.9840,-33.8204,-37.5205,-0.7478
PE-interior,4780,5.1985,-35.1755,-34.2708,-35.7222,-0.5447
CE-interior,5049,4.7563,-35.5475,-36.9275,-38.4648,-0.5027
MA-interior,3465,3.1493,-34.4949,-32.9628,-35.9412,-0.3247
SP-capital,6967,7.0166,-8.3241,-2.9883,-4.4498,-0.2712
PI-interior,1555,1.2648,-55.3684,-50.0396,-51.9082,-0.1954
BA-capital,1171,1.3720,-41.9239,-36.3796,-38.2271,-0.1665
RN-interior,1564,1.6563,-28.6920,-31.1255,-30.3514,-0.1471
SE-interior,1033,1.0035,-38.1204,-35.4445,-37.1342,-0.1124
AL-interior,1512,1.5176,-20.3745,-25.7024,-23.8648,-0.1037
CE-capital,1433,1.6667,-16.5121,-11.8035,-14.1403,-0.0980
PA-interior,3754,3.5631,-2.8134,-0.8505,-5.6498,-0.0894
PB-interior,739,0.7261,-38.9062,-34.0098,-34.5504,-0.0827
AM-interior,1110,1.0878,-21.9566,-27.7487,-27.6317,-0.0786
MG-interior,12211,11.2850,4.6240,7.2287,4.6427,-0.0763
PE-capital,861,1.0579,-19.1598,-14.9599,-16.9128,-0.0691
RJ-capital,3944,4.3416,1.0898,1.1306,3.9699,-0.0671
MA-capital,354,0.4211,-22.0025,-16.0158,-17.4929,-0.0305
PI-capital,234,0.2696,-36.0984,-27.7058,-29.7067,-0.0289
RN-capital,428,0.5363,-6.6102,-2.2631,-4.8239,-0.0185
SE-capital,199,0.2173,-20.9757,-15.8001,-16.7505,-0.0152
RS-capital,466,0.4961,-3.3934,-7.3340,-6.7086,-0.0131
PB-capital,120,0.1420,-3.7411,-0.5859,-0.8359,-0.0039
PA-capital,72,0.0886,-10.3565,-3.9326,-4.2593,-0.0039
MS-interior,235,0.2021,1.5924,24.3284,22.7446,-0.0029
MG-capital,165,0.2028,2.2882,7.1157,6.9150,-0.0025
AP-interior,168,0.1758,2.9153,-9.1087,-5.1823,-0.0019
ES-interior,638,0.6497,6.9307,19.1020,17.9599,-0.0007
AP-capital,211,0.2364,6.3425,1.9297,3.8672,-0.0006
ES-capital,33,0.0380,2.3063,8.1252,7.8552,-0.0005
TO-capital,5,0.0053,7.1051,24.9333,24.8008,-0.0000
TO-interior,185,0.1644,8.5313,2.1891,2.8150,0.0005
MT-capital,37,0.0443,16.0882,23.8513,23.6231,0.0010
ZZ-interior,94,0.0931,12.1199,-13.9777,-4.0746,0.0011
RR-interior,33,0.0297,27.4793,41.2093,39.2946,0.0015
MS-capital,31,0.0289,29.8238,26.2414,26.2933,0.0016
RO-capital,13,0.0118,64.2127,27.2902,27.6239,0.0017
DF-capital,101,0.1153,19.4958,13.0617,13.1984,0.0034
AC-interior,103,0.0862,23.8937,36.7161,35.3005,0.0035
AC-capital,49,0.0492,39.2913,36.1705,36.4830,0.0039
AL-capital,245,0.2846,12.9532,12.7137,11.2748,0.0039
AM-capital,248,0.3184,12.7793,17.5624,17.1518,0.0042
GO-capital,203,0.2267,23.0745,26.8275,26.4673,0.0088
RR-capital,196,0.1841,57.5731,53.3434,54.1383,0.0228
RO-interior,380,0.3175,49.0814,47.0756,47.4088,0.0326
PR-interior,1040,1.0298,22.2519,29.5109,29.0261,0.0377
MT-interior,886,0.8666,32.3091,40.5512,38.6991,0.0532
GO-interior,2624,2.6710,16.4867,24.3755,21.5232,0.0600
RS-interior,3204,2.9754,24.1203,23.4538,23.5746,0.1227
RJ-interior,7150,7.0671,21.3037,17.8365,19.2603,0.2425
SC-interior,3663,3.9007,43.9918,44.5544,44.2558,0.3518
SP-interior,18376,18.1867,17.4963,22.4931,20.2331,0.4535
