pct_secoes,margem,recebido_ate
10.0000,10.5453,2026-10-04 17:51:57
20.0000,10.5334,2026-10-04 18:13:53
30.0000,9.7793,2026-10-04 18:24:49
40.0000,9.2104,2026-10-04 18:35:03
50.0000,8.5005,2026-10-04 18:45:05
60.0000,7.7251,2026-10-04 18:59:13
64.8100,7.3699,2026-10-04 19:04:09
70.0000,6.8362,2026-10-04 19:09:52
80.0000,5.6850,2026-10-04 19:20:02
84.9600,4.9813,2026-10-04 19:59:30
90.0000,4.1475,2026-10-04 20:17:54
95.0000,3.2050,2026-10-04 20:51:59
99.0000,2.2281,2026-10-04 21:23:50
100.0000,1.8650,2026-10-05 18:26:44
