grade_pct,real,aleatoria_p05,aleatoria_p50,aleatoria_p95,calendario_por_uf_p05,calendario_por_uf_p50,calendario_por_uf_p95
1.0000,6.3646,1.0662,1.8404,2.5792,8.9826,9.5820,10.1981
2.0000,8.2602,1.3154,1.8464,2.3643,9.6684,10.0495,10.4310
3.0000,8.9266,1.4145,1.8652,2.2934,9.7324,10.0553,10.3542
4.0000,9.3601,1.4733,1.8597,2.2637,9.3970,9.6484,9.8912
5.0000,9.6614,1.5354,1.8638,2.2103,9.0574,9.2854,9.4976
6.0000,9.9390,1.5753,1.8664,2.1925,8.8789,9.0890,9.2807
7.0000,10.2477,1.6020,1.8670,2.1559,8.7677,8.9545,9.1332
8.0000,10.1683,1.6237,1.8697,2.1314,8.4603,8.6348,8.7989
9.0000,10.2563,1.6257,1.8690,2.1194,8.2127,8.3812,8.5417
10.0000,10.5469,1.6316,1.8699,2.0969,8.1721,8.3324,8.4879
11.0000,10.6482,1.6482,1.8693,2.0984,8.0607,8.2038,8.3512
12.0000,10.6699,1.6529,1.8705,2.0908,7.9075,8.0493,8.1903
13.0000,10.6929,1.6652,1.8644,2.0768,7.8280,7.9606,8.0963
14.0000,10.7717,1.6722,1.8676,2.0640,7.7182,7.8528,7.9797
15.0000,10.6385,1.6777,1.8617,2.0565,7.5415,7.6651,7.7807
16.0000,10.6432,1.6862,1.8657,2.0522,7.4474,7.5678,7.6775
17.0000,10.6808,1.6914,1.8673,2.0406,7.4440,7.5506,7.6579
18.0000,10.5710,1.7064,1.8650,2.0310,7.2948,7.4015,7.5029
19.0000,10.5960,1.7061,1.8667,2.0248,7.2227,7.3262,7.4270
20.0000,10.5315,1.7084,1.8715,2.0163,7.1317,7.2356,7.3299
21.0000,10.4717,1.7170,1.8684,2.0106,7.0795,7.1795,7.2704
22.0000,10.2944,1.7235,1.8658,2.0029,6.9548,7.0467,7.1369
23.0000,10.2210,1.7284,1.8651,2.0018,6.8602,6.9527,7.0442
24.0000,10.1709,1.7276,1.8644,1.9998,6.8099,6.9014,6.9885
25.0000,10.0959,1.7352,1.8663,1.9975,6.7408,6.8288,6.9163
26.0000,10.0557,1.7388,1.8673,1.9966,6.6913,6.7799,6.8614
27.0000,10.0151,1.7398,1.8655,1.9911,6.6470,6.7334,6.8124
28.0000,9.9545,1.7413,1.8675,1.9894,6.6765,6.7581,6.8376
29.0000,9.8989,1.7420,1.8668,1.9908,6.6329,6.7147,6.7937
30.0000,9.7777,1.7428,1.8668,1.9847,6.5565,6.6345,6.7144
31.0000,9.7481,1.7456,1.8673,1.9852,6.5238,6.6002,6.6765
32.0000,9.6726,1.7483,1.8671,1.9800,6.4797,6.5539,6.6311
33.0000,9.6565,1.7523,1.8652,1.9738,6.4724,6.5452,6.6166
34.0000,9.6387,1.7573,1.8670,1.9755,6.4905,6.5619,6.6325
35.0000,9.5829,1.7593,1.8655,1.9728,6.4624,6.5317,6.6007
36.0000,9.5479,1.7574,1.8653,1.9677,6.4576,6.5247,6.5903
37.0000,9.5002,1.7573,1.8652,1.9686,6.4515,6.5152,6.5796
38.0000,9.3925,1.7628,1.8654,1.9684,6.4195,6.4863,6.5497
39.0000,9.2807,1.7676,1.8659,1.9635,6.3481,6.4154,6.4788
40.0000,9.2129,1.7692,1.8686,1.9629,6.3099,6.3754,6.4354
41.0000,9.1155,1.7665,1.8674,1.9609,6.2605,6.3250,6.3845
42.0000,9.0241,1.7728,1.8682,1.9591,6.1977,6.2611,6.3219
43.0000,8.9586,1.7747,1.8674,1.9553,6.1629,6.2250,6.2851
44.0000,8.8896,1.7742,1.8683,1.9533,6.1322,6.1907,6.2489
45.0000,8.8355,1.7795,1.8665,1.9525,6.1226,6.1819,6.2365
46.0000,8.7529,1.7810,1.8670,1.9523,6.1004,6.1572,6.2125
47.0000,8.6954,1.7845,1.8650,1.9502,6.0937,6.1502,6.2025
48.0000,8.6130,1.7851,1.8668,1.9497,6.0635,6.1194,6.1714
49.0000,8.5501,1.7838,1.8691,1.9465,6.0443,6.0992,6.1499
50.0000,8.5022,1.7897,1.8685,1.9476,6.0265,6.0793,6.1282
51.0000,8.4352,1.7898,1.8677,1.9453,5.9914,6.0438,6.0926
52.0000,8.3503,1.7911,1.8684,1.9429,5.9432,5.9943,6.0425
53.0000,8.3016,1.7901,1.8665,1.9415,5.9115,5.9642,6.0150
54.0000,8.2064,1.7944,1.8664,1.9422,5.8382,5.8900,5.9368
55.0000,8.1321,1.7946,1.8667,1.9393,5.7887,5.8398,5.8849
56.0000,8.0077,1.7975,1.8676,1.9361,5.7362,5.7852,5.8283
57.0000,7.9133,1.7986,1.8662,1.9334,5.7052,5.7537,5.7954
58.0000,7.8467,1.7992,1.8669,1.9342,5.6728,5.7194,5.7600
59.0000,7.7943,1.8012,1.8673,1.9339,5.6608,5.7094,5.7494
60.0000,7.7250,1.8022,1.8670,1.9309,5.6317,5.6781,5.7178
61.0000,7.6624,1.8016,1.8667,1.9301,5.6030,5.6477,5.6888
62.0000,7.6003,1.8034,1.8674,1.9270,5.5699,5.6135,5.6518
63.0000,7.5057,1.8061,1.8668,1.9265,5.5323,5.5744,5.6110
64.0000,7.4345,1.8060,1.8662,1.9242,5.4982,5.5409,5.5766
65.0000,7.3644,1.8066,1.8660,1.9241,5.4587,5.5008,5.5369
66.0000,7.2779,1.8087,1.8658,1.9228,5.4115,5.4511,5.4863
67.0000,7.1713,1.8108,1.8667,1.9221,5.3431,5.3815,5.4173
68.0000,7.0471,1.8129,1.8676,1.9208,5.2637,5.3007,5.3362
69.0000,6.9510,1.8137,1.8676,1.9196,5.2067,5.2429,5.2778
70.0000,6.8366,1.8168,1.8675,1.9171,5.1452,5.1796,5.2144
71.0000,6.7153,1.8166,1.8676,1.9161,5.0839,5.1150,5.1503
72.0000,6.6012,1.8172,1.8660,1.9155,5.0208,5.0530,5.0869
73.0000,6.5058,1.8177,1.8662,1.9146,4.9654,4.9958,5.0286
74.0000,6.4128,1.8210,1.8663,1.9106,4.8986,4.9272,4.9582
75.0000,6.2943,1.8214,1.8663,1.9110,4.8143,4.8425,4.8723
76.0000,6.1624,1.8222,1.8665,1.9109,4.7307,4.7581,4.7884
77.0000,6.0550,1.8231,1.8653,1.9092,4.6534,4.6803,4.7086
78.0000,5.9340,1.8256,1.8663,1.9083,4.5749,4.6012,4.6292
79.0000,5.8188,1.8246,1.8662,1.9045,4.5051,4.5312,4.5578
80.0000,5.6857,1.8269,1.8665,1.9037,4.4072,4.4319,4.4578
81.0000,5.5399,1.8268,1.8655,1.9021,4.3091,4.3340,4.3589
82.0000,5.4086,1.8288,1.8663,1.9005,4.2239,4.2482,4.2731
83.0000,5.2956,1.8300,1.8665,1.9012,4.1400,4.1632,4.1866
84.0000,5.1565,1.8303,1.8658,1.8987,4.0447,4.0665,4.0893
85.0000,4.9761,1.8346,1.8665,1.8975,3.9130,3.9336,3.9555
86.0000,4.8251,1.8358,1.8668,1.8961,3.8091,3.8294,3.8505
87.0000,4.6598,1.8361,1.8657,1.8951,3.6921,3.7113,3.7314
88.0000,4.4842,1.8387,1.8661,1.8929,3.5637,3.5823,3.6009
89.0000,4.3118,1.8391,1.8654,1.8920,3.4338,3.4517,3.4694
90.0000,4.1475,1.8398,1.8657,1.8899,3.3175,3.3350,3.3528
91.0000,3.9511,1.8417,1.8659,1.8879,3.1728,3.1901,3.2065
92.0000,3.7579,1.8432,1.8661,1.8871,3.0387,3.0553,3.0708
93.0000,3.5829,1.8453,1.8657,1.8851,2.9233,2.9391,2.9532
94.0000,3.3857,1.8464,1.8656,1.8840,2.7888,2.8036,2.8169
95.0000,3.2064,1.8479,1.8660,1.8827,2.6815,2.6947,2.7075
96.0000,3.0180,1.8494,1.8655,1.8810,2.5488,2.5612,2.5723
97.0000,2.7917,1.8517,1.8657,1.8786,2.3988,2.4094,2.4190
98.0000,2.5588,1.8539,1.8653,1.8763,2.2377,2.2462,2.2545
99.0000,2.2335,1.8571,1.8652,1.8727,2.0475,2.0536,2.0597
100.0000,1.8650,1.8650,1.8650,1.8650,1.8650,1.8650,1.8650
