ponto,hora_publicada,pct_secoes,flavio_publicado,flavio_reconstruido_no_pct,erro_flavio_no_pct,lula_publicado,lula_reconstruido_no_pct,erro_lula_no_pct,melhor_erro_na_janela,pct_secoes_do_melhor_encaixe,encaixa,recebido_no_corte,fontes,votos_flavio_publicado,votos_flavio_reconstruido_no_pct,dif_votos_flavio,votos_lula_publicado,votos_lula_reconstruido_no_pct,dif_votos_lula,margem_votos_publicada,margem_votos_reconstruida_no_pct,atraso_publicacao_min,pct_recebido_na_hora_publicada,tela_nao_passa_do_recebido
P01,17:27,1.5000,49.2000,49.5600,0.3600,42.2000,41.7000,-0.5000,0.0690,1.0900,True,2026-10-04 17:24:35,bloomberglinea (17:27),,,,,,,,,2.4167,1.7002,True
P02,17:52,7.6000,50.7000,50.9300,0.2300,41.0000,40.7300,-0.2700,0.2370,7.9000,False,2026-10-04 17:46:46,bloomberglinea (17:52),,,,,,,,,5.2333,10.0641,True
P03,18:26,22.0000,51.1000,51.0900,-0.0100,40.8000,40.7900,-0.0100,0.0090,21.9200,True,2026-10-04 18:16:07,bloomberglinea (18:26),,,,,,,,,9.8833,31.3083,True
P04,19:06,64.8100,49.5800,49.6000,0.0200,42.2500,42.2300,-0.0200,0.0020,65.2400,True,2026-10-04 19:04:09,"jornaldebrasilia (64,81% ate 19h06);ovale (64,8% com 49,58 e 42,25; postado 19h18);bloomberglinea (65% com 49,6 e 42,3; 19h19)",,,,,,,,,1.8500,66.0998,True
P05,20:08,84.9600,48.4700,48.4700,-0.0000,43.4900,43.4900,-0.0000,0.0040,84.9700,True,2026-10-04 19:59:30,"jornaldebrasilia (84,96% as 20h08);ovale (85% com 48,47 e 43,49; postado 20h10);bloomberglinea (85% com 48,5 e 43,5; 20h11)",,,,,,,,,8.5000,89.0816,True
P06,20:16,88.0000,48.2000,48.2400,0.0400,43.8000,43.7500,-0.0500,0.0080,88.5000,True,2026-10-04 20:02:07,bloomberglinea (20:16),,,,,,,,,13.8833,89.8956,True
P07,20:31,90.5600,48.0200,48.0300,0.0100,44.0000,43.9900,-0.0100,0.0010,90.6800,True,2026-10-04 20:22:58,"tribunadonorte (90,56% com votos absolutos; 20h31);bloomberglinea (91% com 48 e 44; 20h24)",51620844.0000,51648145.0000,27301.0000,47301073.0000,47303349.0000,2276.0000,,,8.0333,91.3917,True
P08,s/h,90.0000,48.0400,48.0800,0.0400,43.9800,43.9300,-0.0500,0.0020,90.4700,True,2026-10-04 20:17:54,tribunadosertao (Sputnik Brasil),,,,,,,,,,,False
P09,20:45,93.0000,47.8000,47.8100,0.0100,44.2000,44.2300,0.0300,0.0230,92.8700,True,2026-10-04 20:45:57,bloomberglinea (20:45),,,,,,,,,-0.9500,92.8829,True
P10,21:12,99.0000,47.2000,47.1900,-0.0100,44.9000,44.9700,0.0700,0.0270,98.8000,True,2026-10-04 21:23:51,bloomberglinea (21:12),,,,,,,,,-11.8500,98.7004,True
P11,21:35,99.4000,47.2000,47.1300,-0.0700,45.0000,45.0500,0.0500,0.0190,99.0800,True,2026-10-04 21:48:12,bloomberglinea (21:35),,,,,,,,,-13.2000,99.2158,True
P12,21:56,99.7000,47.1000,47.0700,-0.0300,45.1000,45.1100,0.0100,0.0100,99.6000,True,2026-10-04 22:21:46,bloomberglinea (21:56),,,,,,,,,-25.7667,99.4974,True
P13,s/h,99.6300,47.1100,47.0800,-0.0300,45.0700,45.1000,0.0300,0.0020,99.5100,True,2026-10-04 22:09:26,"band (margem de 2,4 milhoes de votos)",,,,,,,2400000.0000,2364076.0000,,,False
P14,22:56,99.9500,47.0000,47.0300,0.0300,45.2000,45.1600,-0.0400,0.0370,99.9900,True,2026-10-05 14:18:36,bloomberglinea (22:56),,,,,,,,,-922.6000,99.7881,True
