mun_int,g_26,p_26,vg_26,vp_26,gap_26,g_22,p_22,vg_22,vp_22,gap_22,nome,capital
61000,1750,1614,4123,4368,5.4943,994,1468,4448,4625,-9.3934,EUCLIDES DA CUNHA PAULISTA,False
61018,14234,13609,17652,18871,8.5208,11940,13529,18091,19663,-2.8047,ADAMANTINA,False
61026,1246,1096,1715,1796,11.6286,557,889,1563,1676,-17.4064,BOREBI,False
61034,2113,1974,2791,2972,9.2877,1353,1822,2890,3084,-12.2625,ADOLFO,False
61042,6056,5406,8239,8775,11.8972,3423,5074,8480,8966,-16.2260,TARUMÃ,False
61050,10685,9806,15237,16796,11.7424,6903,9134,15135,17036,-8.0064,AGUAÍ,False
61069,1339,1244,2314,2499,8.0853,933,1157,2407,2659,-4.7507,MOTUCA,False
61077,3016,2743,4215,4500,10.5984,2034,2601,4210,4623,-7.9486,ÁGUAS DA PRATA,False
61085,1461,1407,2685,2929,6.3765,960,1252,2804,3008,-7.3855,IARAS,False
61093,7811,7494,10105,10885,8.4513,5720,7077,9905,10915,-7.0888,ÁGUAS DE LINDÓIA,False
61107,2231,2020,3696,4009,9.9759,1400,1748,3939,4283,-5.2705,GUATAPARÁ,False
61115,2241,2037,3112,3215,8.6523,1529,1846,2942,3042,-8.7123,ÁGUAS DE SÃO PEDRO,False
61123,727,694,1204,1301,7.0385,378,564,1198,1249,-13.6035,DIRCE REIS,False
61131,15057,13759,19711,20998,10.8635,9896,13235,20194,21901,-11.4264,AGUDOS,False
61140,1600,1408,2374,2509,11.2788,785,1189,2356,2529,-13.6954,ESPÍRITO SANTO DO TURVO,False
61158,1995,1905,2852,3021,6.8923,1468,1752,2909,3055,-6.8845,ALFREDO MARCONDES,False
61166,4447,4241,8695,9388,5.9696,3633,3990,9217,9940,-0.7245,ROSANA,False
61174,1447,1377,2132,2282,7.5287,727,1172,2169,2315,-17.1086,ALTAIR,False
61182,1266,1170,1803,1910,8.9598,561,965,1736,1806,-21.1173,EMBAÚBA,False
61190,5782,4946,8478,9240,14.6719,3088,4277,8410,9301,-9.2661,ALTINÓPOLIS,False
61204,7952,7282,12645,13436,8.6888,5993,7173,13359,14429,-4.8512,ILHA SOLTEIRA,False
61212,2000,1927,2619,2776,6.9486,1410,1719,2452,2689,-6.4230,ALTO ALEGRE,False
61220,6123,5333,9776,10610,12.3691,4047,4882,9828,10881,-3.6889,ALUMÍNIO,False
61239,1898,1819,2569,2739,7.4698,1291,1666,2612,2737,-11.4438,ÁLVARES FLORENCE,False
61247,1582,1451,2035,2106,8.8412,917,1276,2031,2137,-14.5597,PEDRINHAS PAULISTA,False
61255,9223,8267,12805,13595,11.2174,5792,7725,13203,14069,-11.0391,ÁLVARES MACHADO,False
61263,7985,7114,11567,12584,12.5005,4572,6324,11174,12524,-9.5786,ARAÇARIGUAMA,False
61271,1040,1024,1710,1891,6.6675,650,968,1945,2091,-12.8746,ÁLVARO DE CARVALHO,False
61280,22683,20207,34650,37201,11.1448,15689,17678,31828,34721,-1.6214,BERTIOGA,False
61298,1193,1075,1886,1998,9.4518,753,972,1857,1977,-8.6161,ALVINLÂNDIA,False
61301,1183,1124,2033,2195,6.9826,503,908,2058,2194,-16.9444,SUZANÁPOLIS,False
61310,94067,86854,129328,136597,9.1511,71780,82517,126127,137218,-3.2248,AMERICANA,False
61328,3670,3256,5337,5585,10.4662,1890,3026,5281,5513,-19.0998,SANTO ANTÔNIO DO ARACANGUÁ,False
61336,9991,9080,18631,20313,8.9252,6330,8295,18793,21151,-5.5352,AMÉRICO BRASILIENSE,False
61344,1757,1703,2813,3128,8.0163,1076,1408,2745,3008,-7.6100,CANITAR,False
61352,2696,2437,3548,3759,11.1554,1828,2266,3589,3856,-7.8322,AMÉRICO DE CAMPOS,False
61360,2095,1919,3053,3331,11.0107,675,1430,3201,3412,-20.8237,BARRA DO CHAPÉU,False
61379,27184,25719,36413,39398,9.3747,19964,24948,36697,40992,-6.4584,AMPARO,False
61387,1199,1108,1864,1969,8.0518,792,1022,1952,2089,-8.3492,EMILIANÓPOLIS,False
61395,2210,2077,2902,3135,9.9024,1586,1859,2794,3076,-3.6711,ANALÂNDIA,False
61409,1997,1781,2698,2917,12.9619,921,1563,2589,2757,-21.1185,NOVAIS,False
61417,20410,19337,28702,31162,9.0569,15438,18800,29641,32910,-5.0422,ANDRADINA,False
61425,972,816,1491,1579,13.5129,435,642,1312,1412,-12.3119,NOVA CANAÃ PAULISTA,False
61433,7757,6951,11773,12600,10.7214,6114,6401,11999,12874,1.2339,ANGATUBA,False
61441,4669,4465,5417,5673,7.4855,3447,4143,5070,5468,-7.7799,SALTINHO,False
61450,2439,2283,3373,3624,9.3128,1813,2131,3539,3839,-4.2801,ANHEMBI,False
61468,1976,1824,3000,3279,10.2400,1079,1619,3086,3338,-13.5377,UBARANA,False
61476,1705,1563,2435,2539,8.4609,966,1400,2464,2563,-15.4189,ANHUMAS,False
61484,11115,10715,14964,16088,7.6758,8783,10277,15031,16462,-3.9961,CAJATI,False
61492,14365,12371,20074,21219,13.2587,10437,12173,20125,21930,-3.6476,APARECIDA,False
61506,2505,2213,3434,3648,12.2836,1604,1991,3438,3663,-7.6993,CAMPINA DO MONTE ALEGRE,False
61514,1721,1563,2643,2862,10.5032,1051,1425,2743,2908,-10.6870,APARECIDA D'OESTE,False
61522,859,820,1380,1456,5.9277,517,787,1383,1451,-16.8560,ASPÁSIA,False
61530,8266,7059,12238,13197,14.0543,4564,6466,12537,13773,-10.5427,APIAÍ,False
61549,3323,3066,4301,4794,13.3062,1949,2736,3931,4605,-9.8334,VARGEM,False
61557,76346,70541,101816,107992,9.6637,60654,71740,106402,114023,-5.9126,ARAÇATUBA,False
61565,6564,5554,9275,9854,14.4080,4346,5292,9001,9923,-5.0471,POTIM,False
61573,13242,12431,18028,19330,9.1430,9235,11224,17256,18818,-6.1274,ARAÇOIABA DA SERRA,False
61581,2808,2568,3631,3872,11.0118,1538,2282,3531,3771,-16.9574,ALAMBARI,False
61590,1993,1798,3115,3389,10.9267,1251,1457,3039,3373,-2.0311,ARAMINA,False
61603,1256,964,2103,2197,15.8462,689,859,1987,2118,-5.8817,ITAOCA,False
61611,2832,2669,3761,4125,10.5961,1847,2291,3725,4216,-4.7567,ARANDU,False
61620,2956,2803,3827,4114,9.1075,1826,2412,3536,3946,-9.4849,TUIUTI,False
61638,63466,57432,116887,125337,8.4748,47331,55772,117255,129941,-2.5551,ARARAQUARA,False
61646,1077,928,1772,1871,11.1796,491,791,1693,1779,-15.4614,ARAPEÍ,False
61654,50501,47054,67454,72885,10.3081,36517,45688,67630,75218,-6.7455,ARARAS,False
61662,5107,4753,6715,7207,10.1038,3278,4278,6556,7222,-9.2357,ESTIVA GERBI,False
61670,3122,3026,4217,4515,7.0126,2323,2839,4217,4692,-5.4207,AREALVA,False
61689,7847,7129,10501,11233,11.2614,5678,6495,10240,11042,-3.3716,ENGENHEIRO COELHO,False
61697,1353,1036,2490,2640,15.0949,637,856,2453,2567,-7.3781,AREIAS,False
61700,2786,2232,4510,4832,15.5818,1072,1838,4600,4910,-14.1295,RIBEIRÃO GRANDE,False
61719,3678,3337,5605,6206,11.8494,2410,3174,5614,6328,-7.2296,AREIÓPOLIS,False
61727,71347,66202,116462,125809,8.6410,50845,60988,114695,126204,-3.9943,HORTOLÂNDIA,False
61735,3277,3085,4404,4809,10.2591,2106,3017,4636,5134,-13.3380,ARIRANHA,False
61743,7270,6538,9190,9704,11.7334,4237,5945,9036,9651,-14.7096,HOLAMBRA,False
61751,20165,18749,27604,29747,10.0228,12942,17037,26903,29417,-9.8093,ARTUR NOGUEIRA,False
61760,1501,1414,1929,2085,9.9946,907,1321,1939,2116,-15.6524,ELISIÁRIO,False
61778,31964,28627,49369,53821,11.5558,21088,26313,47904,53620,-5.0517,ARUJÁ,False
61786,1446,1249,2326,2451,11.2080,898,1007,2375,2518,-2.1815,BOM SUCESSO DE ITARARÉ,False
61794,33404,31310,48331,51194,7.9555,25835,30077,49647,53393,-4.2940,ASSIS,False
61808,1316,1222,2162,2368,9.2648,829,1062,2162,2372,-6.4282,PONTALINDA,False
61816,60172,53602,82821,89033,12.4484,39779,48671,77921,87718,-4.4353,ATIBAIA,False
61824,1511,1425,2060,2211,8.8990,758,1191,1961,2065,-19.0218,PARISI,False
61832,5794,5621,7774,8290,6.7259,4693,5320,7915,8492,-3.3547,AURIFLAMA,False
61840,2592,2142,3551,3779,16.3119,1279,1778,3446,3691,-11.0557,TAQUARIVAÍ,False
61859,1739,1521,2816,2977,10.6626,879,1354,2868,3033,-13.9937,AVAÍ,False
61867,1722,1646,2098,2202,7.3279,1155,1472,1912,2085,-10.1916,MARAPOAMA,False
61875,3279,2956,5028,5476,11.2338,1912,2649,5270,5737,-9.8931,AVANHANDAVA,False
61883,679,600,1259,1321,8.5116,321,508,1237,1300,-13.1270,SÃO JOÃO DE IRACEMA,False
61891,29338,28677,42057,46245,7.7467,23350,27165,42974,47760,-2.5430,AVARÉ,False
61905,5041,4372,8108,8739,12.1446,2408,3823,8068,8807,-13.5623,SÃO LOURENÇO DA SERRA,False
61913,8984,8284,11888,12575,9.6953,5910,6926,10198,10868,-5.7758,BADY BASSITT,False
61921,1257,1157,1760,1860,9.2162,635,1034,1715,1814,-19.9749,ZACARIAS,False
61930,653,578,938,998,11.7004,399,584,1015,1086,-14.4650,BALBINOS,False
61948,1469,1315,2183,2404,12.5922,433,913,2274,2443,-18.3307,ITAPIRAPUÃ PAULISTA,False
61956,4080,3816,5197,5581,10.1320,2260,3353,5383,5694,-16.9025,BÁLSAMO,False
61964,913,818,1310,1391,10.8880,575,691,1257,1347,-5.5553,MESÓPOLIS,False
61972,3356,2827,5698,6192,13.2422,1903,2515,5852,6345,-7.1187,BANANAL,False
61980,3528,3031,4954,5225,13.2056,2066,2575,5048,5352,-7.1858,NOVA CAMPINA,False
61999,2442,2130,3415,3614,12.5706,1266,1980,3661,3843,-16.9415,BARBOSA,False
62006,5094,4498,7997,8448,10.4555,3146,4224,7847,8289,-10.8673,ILHA COMPRIDA,False
62014,1215,1109,1865,2038,10.7314,720,902,1817,1977,-5.9989,BARÃO DE ANTONINA,False
62022,946,850,1359,1430,10.1694,521,803,1378,1420,-18.7409,LOURDES,False
62030,11965,11292,15366,16662,10.0957,9713,11512,15924,17640,-4.2648,BARIRI,False
62049,1349,1242,1763,1883,10.5587,784,1137,1732,1834,-16.7300,TORRE DE PEDRA,False
62057,14475,13626,19773,21336,9.3420,10543,12960,19955,22127,-5.7371,BARRA BONITA,False
62065,1245,1144,1574,1661,10.2237,658,977,1602,1675,-17.2547,ARCO-ÍRIS,False
62073,2357,2075,3871,4133,10.6830,1224,1963,4167,4390,-15.3416,BARRA DO TURVO,False
62081,1178,1027,1911,2026,10.9521,605,817,1770,1923,-8.3049,BREJO ALEGRE,False
62090,41628,37186,58329,62119,11.5051,29602,35299,57535,62920,-4.6510,BARRETOS,False
62103,2064,1754,2865,3063,14.7778,1247,1556,2723,2954,-6.8793,CANAS,False
62111,9920,8897,16397,18192,11.5928,6695,7922,16071,18437,-1.3091,BARRINHA,False
62120,710,629,1015,1091,12.2972,379,536,1010,1051,-13.4743,PRACINHA,False
62138,124568,106619,203386,219100,12.5848,69837,93212,195098,214198,-7.7209,BARUERI,False
62146,2095,2010,3005,3386,10.3551,1270,1794,3095,3450,-10.9661,PRATÂNIA,False
62154,9136,8701,11288,12158,9.3695,7027,8614,11908,13027,-7.1135,BASTOS,False
62162,1940,1730,2619,2802,12.3325,936,1374,2538,2698,-14.0472,QUADRA,False
62170,19478,17582,29272,31876,11.3839,12902,15844,28841,32376,-4.2026,BATATAIS,False
62189,1087,981,1587,1681,10.1359,648,804,1432,1564,-6.1553,SANTA CRUZ DA ESPERANÇA,False
62197,122711,112236,183642,196501,9.7035,95526,110151,187476,204607,-2.8817,BAURU,False
62200,1110,1045,1428,1488,7.5026,763,852,1275,1359,-2.8500,SANTA SALETE,False
62219,29820,27408,38741,41504,10.9357,21197,26879,38595,42580,-8.2043,BEBEDOURO,False
62227,866,813,1244,1357,9.7026,443,662,1203,1273,-15.1785,VITÓRIA BRASIL,False
62235,962,925,1446,1554,7.0045,720,898,1507,1632,-7.2475,BENTO DE ABREU,False
62243,2568,2432,3311,3549,9.0333,1431,2125,3040,3295,-17.4193,IPIGUÁ,False
62251,3671,3537,5219,5689,8.1665,2650,3447,5484,6067,-8.4932,BERNARDINO DE CAMPOS,False
62260,1110,1078,1624,1775,7.6174,590,919,1561,1719,-15.6650,TAQUARAL,False
62278,3446,3224,4513,4738,8.3116,2402,3123,4492,4768,-12.0263,BILAC,False
62286,935,854,1176,1257,11.5673,566,680,1051,1138,-5.9005,FERNÃO,False
62294,46944,43666,58528,62176,9.9781,38323,44050,58807,65194,-2.4002,BIRIGUI,False
62308,1519,1395,2774,3064,9.2298,770,1142,2791,3079,-9.5013,GAVIÃO PEIXOTO,False
62316,10890,9816,15536,17112,12.7320,6217,9057,15601,17539,-11.7892,BIRITIBA MIRIM,False
62324,1368,1218,1743,1841,12.3257,721,1059,1673,1790,-16.0658,JUMIRIM,False
62332,3733,3383,6332,6971,10.4249,1877,2905,7146,7690,-11.5099,BOA ESPERANÇA DO SUL,False
62340,950,881,1519,1629,8.4589,543,767,1619,1726,-10.8988,NANTES,False
62359,4450,4264,5780,6320,9.5213,2897,4139,6025,6679,-13.8874,BOCAINA,False
62367,742,659,980,1046,12.7124,358,571,929,986,-19.3747,NOVA CASTILHO,False
62375,4248,3653,5769,6111,13.8575,2149,3192,5283,5745,-14.8837,BOFETE,False
62383,3816,3551,5428,5848,9.5805,2392,3044,5248,5670,-8.1068,OUROESTE,False
62391,23676,21770,32408,34697,10.3129,15126,20006,30433,33381,-10.2297,BOITUVA,False
62405,975,896,1355,1436,9.5602,448,800,1333,1409,-23.1695,PAULISTÂNIA,False
62413,9063,8278,12597,13752,11.7508,5906,7529,12056,13611,-6.3275,BOM JESUS DOS PERDÕES,False
62421,797,721,1315,1397,8.9978,425,620,1353,1441,-11.6140,RIBEIRÃO DOS ÍNDIOS,False
62430,601,537,767,822,13.0288,311,444,769,809,-14.4404,BORÁ,False
62448,696,574,1160,1243,13.8214,240,468,1200,1207,-18.7738,TRABIJU,False
62456,2179,1797,2781,2919,16.7909,1303,1555,2701,2935,-4.7399,BORACÉIA,False
62472,5684,5454,7439,8017,8.3777,4107,5260,7660,8279,-9.9181,BORBOREMA,False
62499,47994,43436,74349,80158,10.3643,32374,41008,73798,81574,-6.4025,BOTUCATU,False
62510,67436,61726,91353,98827,11.3605,44667,58530,89487,99433,-8.9492,BRAGANÇA PAULISTA,False
62553,2330,2250,3064,3275,7.3421,1809,2165,3106,3311,-7.1460,BRAÚNA,False
62570,9786,9098,12598,13499,10.2814,6901,8229,12043,13341,-4.3790,BRODOWSKI,False
62596,9043,8559,11711,12645,9.5312,6741,8257,11842,13050,-6.3475,BROTAS,False
62618,7517,7013,10088,10898,10.1630,5664,6441,10390,11310,-2.4356,BURI,False
62634,6613,6141,9010,9544,9.0521,4810,5741,8781,9587,-5.1058,BURITAMA,False
62650,2298,2163,2950,3152,9.2752,1717,1895,2652,2885,-0.9410,BURITIZAL,False
62677,1631,1489,2464,2681,10.6542,934,1212,2292,2540,-6.9661,CABRÁLIA PAULISTA,False
62693,17330,16272,24304,26698,10.3567,11865,14732,23434,26374,-5.2265,CABREÚVA,False
62715,37735,33129,51662,54701,12.4783,27014,32466,50569,55481,-5.0973,CAÇAPAVA,False
62731,11350,10113,16736,17896,11.3080,8140,9612,17029,18526,-4.0830,CACHOEIRA PAULISTA,False
62758,5912,5378,8776,9591,11.2921,3418,5108,9258,10059,-13.8610,CACONDE,False
62774,5846,5398,8221,8821,9.9157,3797,5206,8653,9343,-11.8401,CAFELÂNDIA,False
62790,1800,1377,2435,2538,19.6667,736,1227,2577,2674,-17.3260,CAIABU,False
62812,28759,25538,48503,52295,10.4587,18596,23497,48681,53696,-5.5596,CAIEIRAS,False
62839,1473,1239,2500,2630,11.8097,797,1101,2698,2848,-9.1183,CAIUÁ,False
62855,29654,26010,47566,52220,12.5343,17098,21861,45905,51260,-5.4008,CAJAMAR,False
62871,4168,3766,5529,5994,12.5548,2318,3280,5361,5759,-13.7161,CAJOBI,False
62898,7825,7179,12172,13431,10.8359,5090,6379,12026,13622,-4.5037,CAJURU,False
62910,367121,329733,593302,633245,9.8072,274044,320684,594043,653539,-2.9368,CAMPINAS,False
62936,25924,23507,40422,43758,10.4129,18602,22936,40826,45342,-5.0203,CAMPO LIMPO PAULISTA,False
62952,19770,16257,25813,27392,17.2399,11619,14814,23918,27579,-5.1363,CAMPOS DO JORDÃO,False
62979,1902,1828,2642,2843,7.6926,1375,1676,2603,2802,-6.9908,CAMPOS NOVOS PAULISTA,False
62995,4511,3998,6946,7333,10.4232,3075,3818,6818,7360,-6.7738,CANANÉIA,False
63010,11947,11608,15695,17085,8.1771,8913,11256,16055,17659,-8.2255,CÂNDIDO MOTA,False
63037,1473,1435,1925,2063,6.9606,725,1162,1749,1898,-19.7701,CÂNDIDO RODRIGUES,False
63053,16936,15272,23599,25487,11.8450,10355,13973,23583,25905,-10.0306,CAPÃO BONITO,False
63070,7684,7373,10089,10901,8.5262,4447,6695,10118,10895,-17.4988,CAPELA DO ALTO,False
63096,20650,18583,26843,28585,11.9192,15487,17898,26236,29042,-2.5984,CAPIVARI,False
63118,49654,43425,72741,77698,12.3719,32141,40760,69991,76580,-7.3038,CARAGUATATUBA,False
63134,99948,86742,183146,200237,11.2532,60782,85103,199471,221422,-7.9632,CARAPICUÍBA,False
63150,3965,3590,6061,6526,10.4075,2713,3344,6186,6789,-5.3991,CARDOSO,False
63177,9056,8681,12383,13693,9.7352,7461,8738,12799,14410,-2.3448,CASA BRANCA,False
63193,1139,1045,1783,1946,10.1812,601,909,1754,1910,-13.3271,CÁSSIA DOS COQUEIROS,False
63215,5513,5179,10254,11224,7.6222,3491,4554,10405,11506,-6.0282,CASTILHO,False
63231,43795,42040,58537,62841,7.9169,34039,41207,59977,65531,-6.1283,CATANDUVA,False
63258,2922,2825,3964,4320,8.3199,1963,2726,3934,4380,-12.3391,CATIGUÁ,False
63274,4710,4391,6104,6497,9.5775,3103,3826,5415,5834,-8.2773,CEDRAL,False
63290,6550,6301,9403,10281,8.3708,4550,5782,9786,10880,-6.6484,CERQUEIRA CÉSAR,False
63312,19716,18458,24866,26625,9.9632,14560,17471,24064,26711,-4.9022,CERQUILHO,False
63339,7098,6790,8981,9769,9.5279,4931,6121,8567,9555,-6.5026,CESÁRIO LANGE,False
63355,7162,6708,9238,9855,9.4606,5258,6336,9038,9899,-5.8299,CHARQUEADA,False
63371,4139,3907,5977,6518,9.3071,3192,3798,6355,6941,-4.4902,CHAVANTES,False
63398,2830,2675,3823,4098,8.7499,2121,2481,3835,4166,-4.2471,CLEMENTINA,False
63410,6573,5023,9325,10306,21.7493,3522,4967,9680,10624,-10.3683,COLINA,False
63436,2572,2161,3873,4143,14.2482,1406,1955,3806,4121,-10.4983,COLÔMBIA,False
63452,12102,11709,15163,16458,8.6680,9461,11423,14757,16749,-4.0891,CONCHAL,False
63479,6250,5863,8144,8668,9.1040,4872,5867,8515,9307,-5.8219,CONCHAS,False
63495,10468,9796,14071,15032,9.2265,7193,8858,13488,14965,-5.8626,CORDEIRÓPOLIS,False
63517,2229,2118,2938,3102,7.5894,1613,2073,2999,3216,-10.6744,COROADOS,False
63533,1320,1242,2695,2905,6.2257,854,1032,2801,2997,-3.9453,CORONEL MACEDO,False
63550,1889,1735,2368,2525,11.0591,1151,1647,2359,2587,-14.8726,CORUMBATAÍ,False
63576,19358,18023,30131,32820,9.3314,14360,17726,29773,33672,-4.4115,COSMÓPOLIS,False
63592,3645,3341,5009,5352,10.3438,2449,3077,5049,5404,-8.4346,COSMORAMA,False
63614,73526,65331,128733,141387,10.9079,46072,57580,127253,141781,-4.4069,COTIA,False
63630,13625,12009,17848,19091,13.4351,7735,11579,17689,19325,-16.1895,CRAVINHOS,False
63657,3615,3118,5032,5362,13.6903,2403,2863,5092,5495,-4.9102,CRISTAIS PAULISTA,False
63673,1164,1051,1516,1572,9.9235,585,917,1562,1597,-19.9682,CRUZÁLIA,False
63690,28087,23478,38972,41810,15.9157,15581,22497,39758,43671,-12.3251,CRUZEIRO,False
63711,35206,30373,63728,68409,10.8450,24880,29477,65406,71072,-3.4355,CUBATÃO,False
63738,8703,7621,12494,13319,12.4384,5240,6496,12256,13271,-6.1943,CUNHA,False
63754,12035,11312,15590,17124,11.1376,8112,10961,15526,17905,-8.9697,DESCALVADO,False
63770,107394,89832,220173,239575,11.2807,65369,84519,229590,256536,-4.4742,DIADEMA,False
63797,4982,4814,6363,7042,9.9351,2975,4445,6235,7162,-14.3492,DIVINOLÂNDIA,False
63819,2556,2329,4493,4936,9.7045,1207,1919,4391,4881,-11.8277,DOBRADA,False
63835,9027,8674,12134,13198,8.6722,6307,8201,12478,13646,-9.5532,DOIS CÓRREGOS,False
63851,936,736,1720,1806,13.6656,460,586,1558,1668,-5.6069,DOLCINÓPOLIS,False
63878,3229,2967,4436,4939,12.7179,1662,2598,4423,5110,-13.2652,DOURADO,False
63894,18285,17378,22962,24430,8.4977,14873,16753,23909,25574,-3.3012,DRACENA,False
63916,4600,4219,6667,7119,9.7326,3300,4023,7042,7489,-6.8571,DUARTINA,False
63932,3970,3615,5191,5601,11.9365,2663,3232,4822,5441,-4.1748,DUMONT,False
63959,2550,2418,3498,3700,7.5474,1634,2248,3549,3860,-12.1972,ECHAPORÃ,False
63975,4591,3950,7088,7376,11.2194,3328,3975,7473,7901,-5.7764,ELDORADO,False
63991,7180,6844,9344,10259,10.1286,5114,6503,9134,10356,-6.8059,ELIAS FAUSTO,False
64017,71898,61194,137621,150351,11.5427,47097,53933,137241,154497,-0.5918,EMBU DAS ARTES,False
64033,19814,17338,34162,37294,11.5101,11671,15845,35251,39301,-7.2088,EMBU-GUAÇU,False
64050,3834,3592,4910,5284,10.1067,2600,3180,4758,5231,-6.1466,ESTRELA D'OESTE,False
64076,1005,881,1734,1851,10.3626,604,774,1835,1946,-6.8584,ESTRELA DO NORTE,False
64092,5519,5029,8450,9119,10.1650,3297,4514,8843,9507,-10.1971,FARTURA,False
64114,24639,22834,34606,36645,8.8873,18122,21512,35115,38118,-4.8277,FERNANDÓPOLIS,False
64130,2482,2465,3356,3712,7.5508,1406,2277,3419,3753,-19.5483,FERNANDO PRESTES,False
64157,43347,39648,86991,96278,8.6485,27796,37178,88518,100058,-5.7549,FERRAZ DE VASCONCELOS,False
64173,591,543,956,1014,8.2698,460,509,1042,1115,-1.5044,FLORA RICA,False
64190,1211,1105,1836,1941,9.0292,716,1045,1914,2037,-13.8924,FLOREAL,False
64211,3705,3552,5033,5449,8.4279,2988,3421,5374,5886,-2.5199,FLÓRIDA PAULISTA,False
64238,1150,1017,1876,2006,10.6027,658,905,1906,2051,-9.6023,FLORÍNEA,False
64254,120266,108462,169475,180455,10.8591,88354,104625,170130,184859,-4.6640,FRANCA,False
64270,37569,33873,79818,88175,8.6527,25006,31939,84497,95394,-3.8872,FRANCISCO MORATO,False
64297,34494,31599,67028,73615,8.5374,23080,29718,68339,77011,-4.8165,FRANCO DA ROCHA,False
64319,1604,1497,1978,2082,9.1900,932,1308,1877,1987,-16.1742,GABRIEL MONTEIRO,False
64335,1864,1702,3103,3355,9.3406,1129,1609,3497,3698,-11.2252,GÁLIA,False
64351,15753,14942,21397,23154,9.0893,13078,15286,22464,24758,-3.5241,GARÇA,False
64378,1028,987,2029,2202,5.8425,649,879,2090,2246,-8.0836,GASTÃO VIDIGAL,False
64394,3881,3732,5382,5761,7.3303,2815,3632,5772,6183,-9.9718,GENERAL SALGADO,False
64416,2801,2684,4225,4697,9.1530,2004,2713,4850,5274,-10.1214,GETULINA,False
64432,2002,1818,2783,2942,10.1421,1321,1556,2639,2873,-4.1026,GLICÉRIO,False
64459,3726,3502,5234,5722,9.9860,2492,3298,5455,6056,-8.7755,GUAIÇARA,False
64475,2049,1750,2987,3178,13.5312,962,1549,3197,3365,-15.9420,GUAIMBÊ,False
64491,13848,12619,18597,19924,11.1279,9436,11247,18240,20054,-4.3511,GUAÍRA,False
64513,7835,7292,10762,11648,10.1994,5220,6667,10507,11487,-8.3584,GUAPIAÇU,False
64530,4907,4437,9134,9789,8.3960,3264,4034,9659,10353,-5.1722,GUAPIARA,False
64556,6408,5566,9917,10724,12.7140,3356,4806,10142,10958,-10.7682,GUARÁ,False
64572,3100,2866,4108,4437,10.8693,2486,2877,4367,4823,-2.7247,GUARAÇAÍ,False
64599,3480,3064,5610,6051,11.3958,1440,2682,5868,6163,-18.9779,GUARACI,False
64610,761,625,1257,1308,12.7581,399,541,1256,1297,-9.9441,GUARANI D'OESTE,False
64637,2369,2126,3169,3438,12.9172,1624,2102,3359,3702,-8.4324,GUARANTÃ,False
64653,12148,11131,15984,16901,10.1410,9584,11024,16525,17893,-3.6137,GUARARAPES,False
64670,13615,12347,18229,19490,11.3382,7761,10917,17429,19134,-12.5263,GUARAREMA,False
64696,47183,41429,65242,69224,12.4722,36094,41721,66296,72076,-3.4410,GUARATINGUETÁ,False
64718,4466,4369,5877,6523,9.0128,3086,4028,6053,6870,-7.6487,GUAREÍ,False
64734,13384,11439,19834,21365,13.9392,7839,10551,20018,21791,-9.2593,GUARIBA,False
64750,98328,89532,158007,172458,10.3149,78605,87911,159581,178405,-0.0190,GUARUJÁ,False
64777,394365,351178,648955,713514,11.5511,261531,331178,639392,728550,-4.5541,GUARULHOS,False
64793,1453,1286,2342,2532,11.2511,849,1157,2465,2640,-9.3836,GUZOLÂNDIA,False
64815,3503,3281,4645,4947,9.0914,2527,2945,4839,5239,-3.9915,HERCULÂNDIA,False
64831,4379,4188,5825,6235,8.0068,2880,3943,5990,6441,-13.1371,IACANGA,False
64858,2441,2338,3146,3389,8.6027,1889,2335,3435,3757,-7.1579,IACRI,False
64874,10616,10283,16548,18686,9.1223,6703,8646,16076,18838,-4.2009,IBATÉ,False
64890,5225,4868,6647,7081,9.8595,3680,4369,6312,6868,-5.3122,IBIRÁ,False
64912,2726,2605,3523,3783,8.5165,2073,2505,3548,3883,-6.0847,IBIRAREMA,False
64939,20770,19795,27997,30663,9.6299,15676,19051,28521,31875,-4.8048,IBITINGA,False
64955,30121,28049,40697,44504,10.9870,19066,25646,39636,44586,-9.4176,IBIÚNA,False
64971,2677,2435,4240,4556,9.6908,1616,2220,4406,4691,-10.6474,ICÉM,False
64998,3085,2823,4307,4576,9.9361,2301,2670,4543,4810,-4.8600,IEPÊ,False
65013,8032,7652,11591,12897,9.9635,5346,7078,11675,13468,-6.7641,IGARAÇU DO TIETÊ,False
65030,8197,7253,12822,14139,12.6314,5168,6432,13035,14666,-4.2094,IGARAPAVA,False
65056,5050,4241,6565,6945,15.8576,2979,3659,6134,6693,-6.1037,IGARATÁ,False
65072,9610,8806,14763,15736,9.1343,6682,8490,14828,15909,-8.3026,IGUAPE,False
65099,14160,12001,21174,22428,13.3655,9842,10850,19654,21565,-0.2367,ILHABELA,False
65110,99880,89515,138736,148478,11.7045,66999,80147,130375,142608,-4.8115,INDAIATUBA,False
65137,2152,2042,2908,3142,9.0123,1538,1870,2936,3177,-6.4764,INDIANA,False
65153,1390,1219,2233,2360,10.5956,817,1099,2247,2394,-9.5468,INDIAPORÃ,False
65170,1839,1750,2256,2412,8.9621,1286,1656,2217,2386,-11.3985,INÚBIA PAULISTA,False
65196,4928,4762,6836,7556,9.0662,3167,4415,7221,7851,-12.3767,IPAUSSU,False
65218,8655,7950,13935,15208,9.8347,4155,7110,14501,15435,-17.4109,IPERÓ,False
65234,3150,2967,3988,4268,9.4696,2349,2716,3873,4195,-4.0931,IPEÚNA,False
65250,1324,957,2261,2386,18.4492,594,853,2184,2314,-9.6648,IPORANGA,False
65277,4742,4115,7639,8366,12.8890,2870,3640,7945,8730,-5.5720,IPUÃ,False
65293,9837,9319,13025,14007,8.9930,8163,9083,13017,14230,-1.1196,IRACEMÁPOLIS,False
65315,2812,2885,3669,4008,4.6611,2153,2706,3634,3979,-8.7610,IRAPUÃ,False
65331,2035,1984,2988,3253,7.1159,1606,1966,3247,3541,-6.0600,IRAPURU,False
65358,6180,5931,9457,10242,7.4398,4593,5145,9776,10590,-1.6012,ITABERÁ,False
65374,6862,6532,11268,12246,7.5583,4027,5450,11516,12611,-8.2475,ITAÍ,False
65390,7111,6929,8771,9468,7.8906,4700,6566,8770,9411,-16.1776,ITAJOBI,False
65412,1505,1406,2114,2330,10.8487,952,1319,2055,2258,-12.0885,ITAJU,False
65439,32632,29274,53645,57635,10.0375,22763,27950,52795,57652,-5.3647,ITANHAÉM,False
65455,42638,37068,83121,90846,10.4932,26273,32388,82152,92314,-3.1036,ITAPECERICA DA SERRA,False
65471,59758,55271,78941,84332,10.1598,44474,51589,77792,85772,-2.9763,ITAPETININGA,False
65498,33864,30581,46012,49294,11.5602,23803,29115,47074,51549,-5.9152,ITAPEVA,False
65510,58158,49798,107337,118941,12.3148,29855,44409,110487,122712,-9.1683,ITAPEVI,False
65536,27581,25885,36167,39490,10.7119,19615,24638,35931,40783,-5.8217,ITAPIRA,False
65552,15453,14916,19846,21513,8.5297,11955,14089,19471,21907,-2.9138,ITÁPOLIS,False
65579,5176,4862,7357,7948,9.1821,3396,4301,7474,8125,-7.4979,ITAPORANGA,False
65595,4780,4349,6589,7125,11.5066,2745,3953,6756,7469,-12.2949,ITAPUÍ,False
65617,906,793,2321,2530,7.6910,427,589,2304,2507,-4.9612,ITAPURA,False
65633,93554,79910,165386,181395,12.5140,50761,72868,162668,185605,-8.0544,ITAQUAQUECETUBA,False
65650,16544,15088,22372,24027,11.1536,11773,13921,22876,25013,-4.1906,ITARARÉ,False
65676,4346,4051,6383,6831,8.7839,3210,3761,6180,6666,-4.4789,ITARIRI,False
65692,44723,40307,60721,65055,11.6949,29392,37409,57944,64389,-7.3736,ITATIBA,False
65714,6472,5954,9094,9983,11.5264,3897,5388,9071,10194,-9.8935,ITATINGA,False
65730,4610,4246,6751,7344,10.4703,3261,3995,6762,7476,-5.2123,ITIRAPINA,False
65757,2047,1709,3439,3639,12.5597,995,1536,3400,3659,-12.7140,ITIRAPUÃ,False
65773,2733,2606,4028,4447,9.2487,1717,2302,4132,4648,-7.9730,ITOBI,False
65790,61390,55736,84896,91944,11.6925,44019,53081,84028,93650,-4.2941,ITU,False
65811,23924,21462,32800,35535,12.5422,15166,19034,30387,33875,-6.2794,ITUPEVA,False
65838,12987,11847,18407,19857,10.8931,9246,11363,19035,20791,-6.0798,ITUVERAVA,False
65854,2297,2035,3435,3789,13.1623,1169,1920,3695,3977,-16.6402,JABORANDI,False
65870,25598,22901,35422,37447,11.1101,17894,22218,35919,38852,-7.3686,JABOTICABAL,False
65897,84349,75767,122272,130050,10.7248,59933,71611,121557,132046,-4.9274,JACAREÍ,False
65919,3051,2553,4023,4294,16.3839,1715,2315,3912,4300,-9.9977,JACI,False
65935,6347,5889,8447,8924,9.1485,4807,5772,8630,9218,-6.9156,JACUPIRANGA,False
65951,23605,21186,31777,33994,11.9605,16018,18943,30138,33446,-3.4887,JAGUARIÚNA,False
65978,18589,18113,24978,26958,7.2318,13765,17315,25539,27742,-8.5164,JALES,False
65994,2580,2255,3561,3767,12.5896,1852,2075,3446,3784,-1.0927,JAMBEIRO,False
66010,29644,25516,51612,56221,12.0511,18197,25078,54454,60791,-7.8356,JANDIRA,False
66036,14335,13263,19390,21182,11.3154,10170,12716,18463,21099,-5.1851,JARDINÓPOLIS,False
66052,12779,11454,17541,19002,12.5743,8773,10780,16839,18808,-5.2167,JARINU,False
66079,54585,51878,69907,75344,9.2275,41975,51027,70014,77762,-5.6672,JAÚ,False
66095,1686,1270,2410,2549,20.1350,676,1047,2254,2404,-13.5613,JERIQUARA,False
66117,5047,4751,6601,7188,10.3618,3658,4425,6473,7282,-4.2546,JOANÓPOLIS,False
66133,1528,1369,2251,2438,11.7284,1131,1288,2386,2579,-2.5403,JOÃO RAMALHO,False
66150,13871,13238,18713,20273,8.8263,9054,12381,19089,20663,-12.4882,JOSÉ BONIFÁCIO,False
66176,1312,1281,2341,2611,6.9828,727,1188,2666,2876,-14.0381,JÚLIO MESQUITA,False
66192,164622,145880,235794,251844,11.8913,113581,138594,231665,252425,-5.8769,JUNDIAÍ,False
66214,7282,6784,9549,10173,9.5730,4745,6269,9654,10232,-12.1180,JUNQUEIRÓPOLIS,False
66230,6699,6200,9788,10433,9.0141,5366,6149,10163,10872,-3.7588,JUQUIÁ,False
66257,9647,8344,15539,16846,12.5515,5743,7395,15707,17213,-6.3984,JUQUITIBA,False
66273,2798,2298,3837,4054,16.2368,1073,1875,3748,3989,-18.3757,LAGOINHA,False
66290,11316,10912,13989,15167,8.9465,8984,10438,14367,15784,-3.5981,LARANJAL PAULISTA,False
66311,1758,1604,2640,2839,10.0921,971,1421,2743,2892,-13.7363,LAVÍNIA,False
66338,3091,2430,4378,4703,18.9339,1228,2097,4448,4799,-16.0887,LAVRINHAS,False
66354,35543,34155,49092,53766,8.8755,27506,32298,48295,54930,-1.8443,LEME,False
66370,28504,26942,35467,37998,9.4639,20563,26103,35082,38525,-9.1419,LENÇÓIS PAULISTA,False
66397,125989,118783,160997,171460,8.9781,102782,116868,157678,173701,-2.0964,LIMEIRA,False
66419,3321,3103,4214,4486,9.6380,1943,2877,4219,4458,-18.4821,LINDÓIA,False
66435,27351,26053,35668,38364,8.7722,23310,26867,37289,40783,-3.3662,LINS,False
66451,31267,28205,43809,47006,11.3682,23243,27742,43859,48045,-4.7469,LORENA,False
66478,20163,18102,27616,29691,12.0441,14011,16703,26230,29260,-3.6688,LOUVEIRA,False
66494,6469,6101,8882,9502,8.6252,4867,5736,9092,9931,-4.2280,LUCÉLIA,False
66516,890,843,1483,1580,6.6591,507,767,1509,1623,-13.6598,LUCIANÓPOLIS,False
66532,4415,3859,6585,7172,13.2398,2623,3384,6609,7263,-6.9040,LUÍS ANTÔNIO,False
66559,1852,1719,2700,2897,9.2553,1115,1502,2698,2907,-10.3415,LUIZIÂNIA,False
66575,1409,1280,2245,2398,9.3839,956,1229,2383,2570,-7.7035,LUPÉRCIO,False
66591,1039,968,1690,1804,7.8208,710,919,1761,1859,-9.1172,LUTÉCIA,False
66613,6530,6232,8718,9492,9.2472,5190,6231,9027,9991,-4.8719,MACATUBA,False
66630,3286,3176,4238,4614,8.7026,2175,2972,4184,4627,-12.2479,MACAUBAL,False
66656,2106,1827,2761,2924,13.7938,1005,1486,2562,2695,-15.9120,MACEDÔNIA,False
66672,1295,1225,1966,2117,8.0049,864,1097,1950,2111,-7.6582,MAGDA,False
66699,16977,14763,25690,28141,13.6233,10665,13674,25894,29179,-5.6753,MAIRINQUE,False
66710,30670,27633,44795,48137,11.0626,19780,25893,44596,48645,-8.8747,MAIRIPORÃ,False
66737,3392,3140,4771,5234,11.1038,2415,2853,4893,5421,-3.2724,MANDURI,False
66753,1134,998,2054,2168,9.1761,657,800,2142,2232,-5.1700,MARABÁ PAULISTA,False
66770,5547,5095,7506,8027,10.4276,3772,4833,7737,8289,-9.5534,MARACAÍ,False
66796,1423,1273,2073,2208,10.9905,928,1195,2082,2286,-7.7022,MARIÁPOLIS,False
66818,88637,83178,117319,125356,9.1987,70955,83212,121892,132359,-4.6570,MARÍLIA,False
66834,829,749,1276,1377,10.5750,490,668,1261,1366,-10.0439,MARINÓPOLIS,False
66850,8942,8092,12356,13175,10.9503,6861,7885,12849,13847,-3.5466,MARTINÓPOLIS,False
66877,29682,28421,43609,47322,8.0052,19909,26555,43984,48983,-8.9485,MATÃO,False
66893,108240,95900,202097,222701,10.4962,71637,92196,207459,236974,-4.3749,MAUÁ,False
66915,2581,2407,3663,3892,8.6166,1419,2068,3543,3744,-15.1842,MENDONÇA,False
66931,1919,1683,2681,2839,12.2963,1018,1448,2631,2820,-12.6550,MERIDIANO,False
66958,6666,6124,10233,11147,10.2036,4145,5281,10182,11251,-6.2290,MIGUELÓPOLIS,False
66974,4381,4286,5718,6313,8.7260,3258,4214,5904,6709,-7.6282,MINEIROS DO TIETÊ,False
66990,6631,6295,9896,10631,7.7933,5687,6345,10262,10985,-2.3425,MIRACATU,False
67016,1374,1237,2021,2125,9.7744,707,1021,1869,1986,-13.5822,MIRA ESTRELA,False
67032,8810,8475,11495,12534,9.0259,7866,8615,12244,13580,0.8048,MIRANDÓPOLIS,False
67059,4676,3937,8425,8848,11.0056,2636,3529,9152,9612,-7.9121,MIRANTE DO PARANAPANEMA,False
67075,22879,21179,30642,32756,10.0086,17106,20478,30584,33326,-5.5163,MIRASSOL,False
67091,2049,1892,2862,3061,9.7834,1002,1790,3013,3096,-24.5606,MIRASSOLÂNDIA,False
67113,22717,21848,31457,34719,9.2880,16957,20952,31342,36018,-4.0678,MOCOCA,False
67130,135796,124249,219800,239954,10.0013,90039,117687,220689,246956,-6.8560,MOGI DAS CRUZES,False
67156,60636,57443,79978,86543,9.4408,45171,56927,79214,88471,-7.3214,MOGI GUAÇU,False
67172,36294,33902,47383,50977,10.0926,27136,32982,46216,51826,-4.9243,MOGI MIRIM,False
67199,1717,1613,2168,2344,10.3834,1193,1511,2192,2433,-7.6792,MOMBUCA,False
67210,1083,985,1522,1649,11.4232,617,806,1376,1521,-8.1513,MONÇÕES,False
67237,17820,15684,30703,32907,10.3783,13495,15084,31128,33522,-1.6441,MONGAGUÁ,False
67253,3358,3096,4426,4765,10.8961,2462,2915,4362,4824,-3.9850,MONTE ALEGRE DO SUL,False
67270,18735,17490,24211,26336,10.9712,11824,16803,24145,27002,-13.2579,MONTE ALTO,False
67296,8315,7723,11583,12475,9.8784,5805,7499,11824,12853,-9.2493,MONTE APRAZÍVEL,False
67318,7480,7069,9729,10609,10.2514,3977,6442,9981,10815,-19.7197,MONTE AZUL PAULISTA,False
67334,1495,1442,2350,2522,6.4402,1084,1306,2536,2721,-5.2526,MONTE CASTELO,False
67350,1911,1561,2832,2930,14.2024,1049,1386,2801,2943,-9.6439,MONTEIRO LOBATO,False
67377,19868,18255,31525,34530,10.1559,13427,16563,30330,34171,-4.2012,MONTE MOR,False
67393,9457,8632,13584,14919,11.7596,6213,7846,13533,15293,-5.3945,MORRO AGUDO,False
67415,5686,5462,7422,8141,9.5176,3520,4891,7232,8115,-11.5985,MORUNGABA,False
67431,1689,1590,2292,2452,8.8461,1076,1503,2436,2591,-13.8377,MURUTINGA DO SUL,False
67458,2042,1749,3211,3437,12.7065,1106,1430,3231,3443,-7.3027,NARANDIBA,False
67474,3050,2508,3996,4177,16.2832,1803,2206,3870,4101,-7.2026,NATIVIDADE DA SERRA,False
67490,7107,6534,9708,10658,11.9016,3868,5805,9489,10663,-13.6776,NAZARÉ PAULISTA,False
67512,3444,3180,4851,5275,10.7113,2315,3076,5054,5593,-9.1920,NEVES PAULISTA,False
67539,4118,3928,5340,5666,7.7903,3168,3756,5490,5916,-5.7839,NHANDEARA,False
67555,1858,1703,2628,2883,11.6297,1093,1523,2576,2855,-10.9149,NIPOÃ,False
67571,2779,2578,3718,3978,9.9381,1723,2379,3692,3972,-13.2258,NOVA ALIANÇA,False
67598,2670,2485,4795,5293,8.7342,1639,2260,5193,5716,-7.9764,NOVA EUROPA,False
67610,6309,5963,9713,10659,9.0109,4397,5574,10412,11362,-6.8281,NOVA GRANADA,False
67636,812,792,1333,1451,6.3322,552,654,1300,1431,-3.2408,NOVA GUATAPORANGA,False
67652,1493,1451,2318,2509,6.5772,1012,1238,2302,2508,-5.4003,NOVA INDEPENDÊNCIA,False
67679,1161,967,1854,2001,14.2955,565,872,2014,2095,-13.5693,NOVA LUZITÂNIA,False
67695,24533,22205,35039,37161,10.2628,17068,20467,33332,36357,-5.0885,NOVA ODESSA,False
67717,15144,14302,19454,20773,8.9962,11201,13948,19866,21690,-7.9234,NOVO HORIZONTE,False
67733,3034,2813,4010,4437,12.2622,1525,2530,4097,4431,-19.8754,NUPORANGA,False
67750,1584,1480,2312,2516,9.6886,1005,1268,2310,2546,-6.2971,OCAUÇU,False
67776,1197,1129,1670,1839,10.2846,770,1038,1670,1822,-10.8626,ÓLEO,False
67792,21552,19840,28768,30932,10.7759,11940,18600,29134,31268,-18.5027,OLÍMPIA,False
67814,2028,1826,2968,3222,11.6560,1145,1618,2856,3133,-11.5528,ONDA VERDE,False
67830,2569,2438,3491,3766,8.8521,1809,2201,3622,3928,-6.0888,ORIENTE,False
67857,2258,1996,3497,3709,10.7546,1193,1735,3587,3762,-12.8601,ORINDIÚVA,False
67873,14170,13024,20207,21897,10.6457,10323,12417,20234,22525,-4.1073,ORLÂNDIA,False
67890,218303,191726,388061,421777,10.7981,139041,181873,396063,440935,-6.1413,OSASCO,False
67911,1406,1295,1741,1815,9.4083,889,1182,1780,1875,-13.0962,OSCAR BRESSANE,False
67938,12251,11605,15438,16477,8.9246,9613,11123,15835,17253,-3.7627,OSVALDO CRUZ,False
67954,36580,33838,51676,55610,9.9384,27942,32696,53336,58318,-3.6764,OURINHOS,False
67970,2511,2364,4009,4355,8.3516,1672,2077,4189,4527,-5.9662,OURO VERDE,False
67997,3775,3593,5109,5490,8.4429,2808,3522,5527,5931,-8.5778,PACAEMBU,False
68012,4234,3916,5987,6520,10.6585,2480,3653,6185,6638,-14.9346,PALESTINA,False
68039,3431,3152,5218,5711,10.5614,2073,2838,5431,5979,-9.2964,PALMARES PAULISTA,False
68055,3592,3295,5025,5387,10.3168,2449,3038,5020,5524,-6.2115,PALMEIRA D'OESTE,False
68071,8528,7880,11244,11950,9.9035,5055,7310,11648,12459,-15.2744,PALMITAL,False
68098,4800,4551,6813,7429,9.1936,4004,4436,7276,7912,-1.0365,PANORAMA,False
68110,13476,12647,19856,21446,8.8973,9872,12297,20855,22904,-6.3529,PARAGUAÇU PAULISTA,False
68136,6243,5564,9958,10543,9.9190,3940,4818,9743,10435,-5.7322,PARAIBUNA,False
68152,2427,2314,3179,3494,10.1169,1637,2075,3107,3527,-6.1444,PARAÍSO,False
68179,6772,6313,9769,10399,8.6136,4510,5383,9578,10402,-4.6626,PARANAPANEMA,False
68195,1723,1610,2488,2656,8.6349,1045,1421,2534,2721,-10.9843,PARANAPUÃ,False
68217,3862,3650,5138,5574,9.6828,2728,3480,5329,5867,-8.1232,PARAPUÃ,False
68233,2978,2714,3990,4297,11.4762,1789,2281,3813,4171,-7.7687,PARDINHO,False
68250,7648,7032,9951,10589,10.4481,5970,6852,10009,10917,-3.1182,PARIQUERA-AÇU,False
68276,5402,4628,7338,7814,14.3898,3235,4215,7227,7864,-8.8360,PATROCÍNIO PAULISTA,False
68292,2908,2771,3994,4308,8.4870,2136,2502,3983,4342,-3.9953,PAULICÉIA,False
68314,43881,39264,65689,69776,10.5296,29244,33587,58522,64428,-2.1601,PAULÍNIA,False
68330,2384,2130,3962,4229,9.8051,1405,2018,4306,4528,-11.9382,PAULO DE FARIA,False
68357,17664,16572,23140,24780,9.4588,12837,16131,23366,25484,-8.3597,PEDERNEIRAS,False
68373,2530,2189,3335,3600,15.0565,1215,1900,3449,3748,-15.4661,PEDRA BELA,False
68390,1215,1158,1839,1980,7.5837,654,938,1733,1825,-13.6592,PEDRANÓPOLIS,False
68411,5307,4448,8363,9003,14.0523,3159,3790,8361,9137,-3.6971,PEDREGULHO,False
68438,18455,17474,23297,25127,9.6735,12816,16529,22612,25469,-8.2206,PEDREIRA,False
68454,3165,2824,4983,5285,10.0817,1951,2660,5174,5439,-11.1983,PEDRO DE TOLEDO,False
68470,22692,21170,30754,32739,9.1226,17942,20175,30904,33552,-2.0733,PENÁPOLIS,False
68497,8000,7498,12290,13202,8.2991,5929,7230,12881,13926,-5.8882,PEREIRA BARRETO,False
68519,3224,2918,4348,4705,12.1299,1907,2526,4389,4788,-9.3074,PEREIRAS,False
68535,24571,21904,38452,40996,10.4708,17391,21196,38364,41310,-5.9780,PERUÍBE,False
68551,2288,2151,3185,3376,8.1223,1673,2020,3232,3519,-5.6391,PIACATU,False
68578,18869,17910,27030,29545,9.1882,12217,16967,27310,30274,-11.3103,PIEDADE,False
68594,10852,10501,14887,16077,7.5789,8363,9715,15471,16810,-3.7370,PILAR DO SUL,False
68616,57339,52407,82325,88933,10.7209,39890,50638,81668,90212,-7.2881,PINDAMONHANGABA,False
68632,5552,5292,7471,8034,8.4440,4124,4971,7433,8211,-5.0584,PINDORAMA,False
68659,14841,13097,20467,22143,13.3645,10155,13157,21295,23451,-8.4170,ESPÍRITO SANTO DO PINHAL,False
68675,5768,5431,7656,8301,9.9138,3940,4891,7214,8161,-5.3154,PINHALZINHO,False
68691,1242,1196,2072,2217,5.9953,814,1060,2148,2288,-8.4330,PIQUEROBI,False
68713,4821,4334,6692,7158,11.4936,3348,4329,6990,7588,-9.1536,PIQUETE,False
68730,11200,10426,14961,16228,10.6143,7819,9784,14824,16462,-6.6883,PIRACAIA,False
68756,154437,143775,212124,226963,9.4577,119942,138959,205061,227384,-2.6212,PIRACICABA,False
68772,9613,8961,14259,15476,9.5145,7081,8705,15255,16635,-5.9119,PIRAJU,False
68799,6957,6696,9837,10705,8.1726,5421,6833,10446,11361,-8.2489,PIRAJUÍ,False
68810,4307,4168,5436,5924,8.8732,3014,3868,5562,6173,-8.4708,PIRANGI,False
68837,5735,4634,9413,10144,15.2442,2144,3898,9731,10290,-15.8488,PIRAPORA DO BOM JESUS,False
68853,9956,8574,13733,14537,13.5164,7113,8208,14121,15229,-3.5254,PIRAPOZINHO,False
68870,28286,26402,37732,40526,9.8172,22493,26513,38438,42446,-3.9453,PIRASSUNUNGA,False
68896,5390,5067,7132,7613,9.0177,3797,4566,6903,7398,-6.7143,PIRATININGA,False
68918,11019,10212,16964,18575,9.9781,7862,9407,17108,19117,-3.2524,PITANGUEIRAS,False
68934,1816,1600,2726,2904,11.5213,1080,1463,2868,3018,-10.8189,PLANALTO,False
68950,1409,1365,1893,2032,7.2569,906,1215,1903,2019,-12.5693,PLATINA,False
68977,36460,31643,63539,68479,11.1738,24030,30920,63666,71190,-5.6892,POÁ,False
68993,2268,2137,3141,3423,9.7757,1490,1905,3085,3311,-9.2373,POLONI,False
69019,9478,8930,11600,12240,8.7494,7484,8274,11527,12579,-0.8505,POMPÉIA,False
69035,1597,1499,2086,2211,8.7606,1147,1527,2195,2317,-13.6491,PONGAÍ,False
69051,12542,11460,19042,21286,12.0267,8130,10275,18878,21952,-3.7407,PONTAL,False
69078,1116,1049,1628,1742,8.3322,789,914,1596,1710,-4.0142,PONTES GESTAL,False
69094,1474,1280,2580,2726,10.1765,864,1094,2567,2799,-5.4274,POPULINA,False
69116,3523,3165,5025,5333,10.7620,2030,2756,4793,5223,-10.4132,PORANGABA,False
69132,22477,20277,29067,30935,11.7811,16583,19160,27710,30931,-2.0995,PORTO FELIZ,False
69159,20504,18883,26660,28861,11.4818,14245,18330,26884,30177,-7.7547,PORTO FERREIRA,False
69175,7076,6684,9588,10363,9.3019,5748,6262,9370,10347,0.8248,POTIRENDABA,False
69191,6989,6051,9892,10594,13.5358,4101,5383,9310,10372,-7.8499,PRADÓPOLIS,False
69213,109198,98944,169847,182732,10.1449,80895,93188,164757,180979,-2.3915,PRAIA GRANDE,False
69230,1558,1399,2326,2463,10.1813,1099,1375,2440,2571,-8.4402,PRESIDENTE ALVES,False
69256,4921,4540,6929,7293,8.7689,3810,4399,7447,7869,-4.7414,PRESIDENTE BERNARDES,False
69272,12651,11934,19397,20959,8.2817,9946,11570,19930,21656,-3.5216,PRESIDENTE EPITÁCIO,False
69299,87750,80401,117270,123583,9.7690,71971,80615,121111,129714,-2.7226,PRESIDENTE PRUDENTE,False
69310,13947,12868,18030,19141,10.1270,11067,12542,19091,20397,-3.5197,PRESIDENTE VENCESLAU,False
69337,11673,10868,16884,18224,9.5008,8770,10620,17881,19546,-5.2869,PROMISSÃO,False
69353,5108,4814,6928,7450,9.1123,3159,4427,7033,7630,-13.1041,QUATÁ,False
69370,1460,1410,2175,2352,7.1775,935,1185,2149,2315,-7.6793,QUEIROZ,False
69396,2901,2446,4860,5250,13.1009,1343,2207,5133,5472,-14.1686,QUELUZ,False
69418,2678,2568,3582,3862,8.2687,2032,2273,3708,4075,-0.9787,QUINTANA,False
69434,4238,3890,5433,5760,10.4701,3016,3656,5209,5701,-6.2293,RAFARD,False
69450,10894,9527,15516,16648,12.9853,7912,8855,15879,17307,-1.3375,RANCHARIA,False
69477,2118,1689,2920,3110,18.2256,858,1427,2844,3007,-17.2872,REDENÇÃO DA SERRA,False
69493,7964,7406,11057,11831,9.4285,5197,6866,11019,11906,-10.5044,REGENTE FEIJÓ,False
69515,2541,2430,3245,3504,8.9558,1924,2345,3418,3652,-7.9212,REGINÓPOLIS,False
69531,21401,19326,30791,32702,10.4068,16261,19226,31253,33796,-4.8582,REGISTRO,False
69558,3150,2653,4667,4943,13.8233,1902,2294,4629,4981,-4.9662,RESTINGA,False
69574,1203,955,2019,2127,14.6850,554,817,2139,2254,-10.3467,RIBEIRA,False
69590,3474,3168,5445,5901,10.1158,2272,3066,5672,6264,-8.8899,RIBEIRÃO BONITO,False
69612,6257,5703,9807,10489,9.4301,3550,4680,10027,10794,-7.9530,RIBEIRÃO BRANCO,False
69639,1949,1686,2903,3141,13.4603,1151,1586,3015,3137,-12.3821,RIBEIRÃO CORRENTE,False
69655,1785,1684,2835,3057,7.8763,1176,1452,2835,3046,-6.1876,RIBEIRÃO DO SUL,False
69671,34844,30399,59513,64403,11.3473,21952,28959,60625,67398,-6.7577,RIBEIRÃO PIRES,False
69698,211714,188761,317959,341655,11.3363,150509,180226,310185,342895,-4.0378,RIBEIRÃO PRETO,False
69710,2036,1875,3168,3410,9.2823,960,1542,3201,3368,-15.7932,RIVERSUL,False
69736,2500,2204,3462,3675,12.2398,1518,1626,3066,3308,0.3572,RIFAINA,False
69752,2574,2459,4611,5088,7.4936,1755,2249,4911,5463,-5.4318,RINCÃO,False
69779,3764,3648,4765,5190,8.7036,2847,3477,5084,5569,-6.4357,RINÓPOLIS,False
69795,75979,71036,104163,112096,9.5717,58351,69596,102884,114947,-3.8308,RIO CLARO,False
69817,13042,12313,17467,18956,9.7108,9526,11631,16931,19222,-4.2451,RIO DAS PEDRAS,False
69833,11666,10158,22315,24800,11.3191,6819,9689,23103,26266,-7.3723,RIO GRANDE DA SERRA,False
69850,2950,2721,4896,5268,8.6018,1863,2449,5073,5386,-8.7459,RIOLÂNDIA,False
69876,4508,3895,6160,6531,13.5432,2910,3675,6073,6633,-7.4878,ROSEIRA,False
69892,1243,1115,1635,1737,11.8333,738,993,1725,1780,-13.0039,RUBIÁCEA,False
69914,1909,1778,2674,2844,8.8736,1061,1322,2178,2318,-8.3175,RUBINÉIA,False
69930,1910,1798,2728,2980,9.6791,995,1656,2906,3121,-18.8204,SABINO,False
69957,938,792,1386,1477,14.0546,407,673,1461,1544,-15.7305,SAGRES,False
69973,2948,2839,3724,3991,8.0271,1914,2557,3573,3763,-14.3827,SALES,False
69990,4446,4088,5923,6435,11.5357,3003,3730,5793,6435,-6.1258,SALES OLIVEIRA,False
70017,7324,6471,10348,11217,13.0877,4054,5804,10237,11348,-11.5441,SALESÓPOLIS,False
70033,1869,1750,2521,2766,10.8690,1235,1602,2706,2989,-7.9572,SALMOURÃO,False
70050,45979,41488,66831,71823,11.0347,32330,39008,65589,72459,-4.5428,SALTO,False
70076,13319,12779,20004,22030,8.5744,8321,11726,20409,22572,-11.1781,SALTO DE PIRAPORA,False
70092,3214,2928,4485,4825,10.9772,2187,2592,4426,4868,-3.8331,SALTO GRANDE,False
70114,1301,1199,3148,3312,5.1261,692,863,2432,2556,-5.3097,SANDOVALINA,False
70130,5231,4822,7165,7849,11.5731,2978,4617,7683,8276,-17.0269,SANTA ADÉLIA,False
70157,2604,2527,3655,3923,6.8299,1612,2194,3598,3879,-11.7583,SANTA ALBERTINA,False
70173,73418,67949,100182,107179,9.8869,55354,64676,98992,109905,-2.9295,SANTA BÁRBARA D'OESTE,False
70190,2686,2545,3543,3808,8.9785,1905,2190,3356,3695,-2.5053,ÁGUAS DE SANTA BÁRBARA,False
70211,5995,5210,8227,8715,13.0878,3863,4765,8094,8858,-6.0665,SANTA BRANCA,False
70238,1203,1075,1675,1787,11.6642,673,926,1627,1734,-12.0381,SANTA CLARA D'OESTE,False
70254,2277,2156,2933,3078,7.5883,1633,1982,2893,3093,-7.6336,SANTA CRUZ DA CONCEIÇÃO,False
70270,9873,9169,13904,15256,10.9074,6361,8866,13893,15883,-10.0350,SANTA CRUZ DAS PALMEIRAS,False
70297,18151,17550,23129,24781,7.6568,14537,16884,23295,25482,-3.8546,SANTA CRUZ DO RIO PARDO,False
70319,2388,2176,3583,3856,10.2165,1535,1905,3592,3914,-5.9376,SANTA ERNESTINA,False
70335,13438,12581,17454,18547,9.1579,9803,11880,17767,19051,-7.1836,SANTA FÉ DO SUL,False
70351,10125,9526,13592,14642,9.4329,7471,8755,12987,14474,-2.9610,SANTA GERTRUDES,False
70378,19835,18316,28510,31267,10.9927,13104,17120,27737,31767,-6.6487,SANTA ISABEL,False
70394,2133,1969,4062,4557,9.3028,1240,1808,4347,4954,-7.9703,SANTA LÚCIA,False
70416,2158,2008,2807,3022,10.4332,1337,1828,2857,3124,-11.7174,SANTA MARIA DA SERRA,False
70432,1195,1104,1785,1939,10.0102,634,905,1762,1900,-11.6497,SANTA MERCEDES,False
70459,885,828,1293,1371,8.0516,480,628,1105,1162,-10.6058,SANTANA DA PONTE PENSA,False
70475,50632,43095,76643,82191,13.6294,22733,34978,75135,78291,-14.4207,SANTANA DE PARNAÍBA,False
70491,1157,1075,1760,1884,8.6792,663,929,1711,1828,-12.0713,SANTA RITA D'OESTE,False
70513,10588,9696,13506,14362,10.8833,7432,9223,13378,14678,-7.2816,SANTA RITA DO PASSA QUATRO,False
70530,7567,7067,11704,12942,10.0479,5153,6677,11899,13504,-6.1384,SANTA ROSA DE VITERBO,False
70556,6585,6430,9774,10669,7.1046,5576,6251,10385,11357,-1.3481,SANTO ANASTÁCIO,False
70572,224433,195045,385153,413173,11.0645,149338,188805,398688,434813,-5.9648,SANTO ANDRÉ,False
70599,2733,2377,3940,4255,13.5018,1512,2025,3777,4163,-8.6110,SANTO ANTÔNIO DA ALEGRIA,False
70610,8734,8227,11430,12466,10.4174,5891,7677,11339,12698,-8.5049,SANTO ANTÔNIO DE POSSE,False
70637,2590,2396,3473,3779,11.1723,1574,2190,3438,3891,-10.5013,SANTO ANTÔNIO DO JARDIM,False
70653,3220,2723,4346,4678,15.8825,1678,2369,4209,4646,-11.1231,SANTO ANTÔNIO DO PINHAL,False
70670,1191,1069,1838,1948,9.9219,817,1006,1954,2062,-6.9759,SANTO EXPEDITO,False
70696,1777,1616,2400,2570,11.1623,658,1315,2279,2408,-25.7373,SANTÓPOLIS DO AGUAPEÍ,False
70718,147787,125561,240686,252298,11.6355,113552,126156,245668,261974,-1.9342,SANTOS,False
70734,4852,4061,6364,6820,16.6959,2781,3768,6194,6855,-10.0689,SÃO BENTO DO SAPUCAÍ,False
70750,226482,192478,425512,460172,11.3984,144394,185834,447862,488795,-5.7781,SÃO BERNARDO DO CAMPO,False
70777,75531,63410,112719,117520,13.0515,47784,57617,107926,114483,-6.0532,SÃO CAETANO DO SUL,False
70793,76531,69472,129671,140454,9.5569,51718,63581,125811,141343,-3.8758,SÃO CARLOS,False
70815,1175,1081,1731,1894,10.8049,674,900,1648,1816,-8.6614,SÃO FRANCISCO,False
70831,33663,30945,46476,49877,10.3883,24494,30283,46935,51637,-6.4589,SÃO JOÃO DA BOA VISTA,False
70858,967,850,1633,1739,10.3375,451,645,1553,1704,-8.8115,SÃO JOÃO DAS DUAS PONTES,False
70874,858,735,1343,1470,13.8868,552,633,1423,1568,-1.5786,SÃO JOÃO DO PAU D'ALHO,False
70890,15321,14014,24013,26093,10.0950,11096,13007,24610,27359,-2.4546,SÃO JOAQUIM DA BARRA,False
70912,2556,2327,4163,4644,11.2904,1438,2054,4278,4775,-9.4019,SÃO JOSÉ DA BELA VISTA,False
70939,1651,1225,2524,2683,19.7542,951,1056,2741,2842,-2.4616,SÃO JOSÉ DO BARREIRO,False
70955,18775,17402,25676,28070,11.1277,13130,16813,26392,29584,-7.0815,SÃO JOSÉ DO RIO PARDO,False
70971,170960,156807,236461,251067,9.8432,129687,156389,239043,256737,-6.6615,SÃO JOSÉ DO RIO PRETO,False
70998,273010,240721,397220,419730,11.3788,213519,233683,399491,428018,-1.1488,SÃO JOSÉ DOS CAMPOS,False
71013,4957,3899,7215,7623,17.5562,2372,3354,7033,7558,-10.6501,SÃO LUÍS DO PARAITINGA,False
71030,14041,13164,19315,21394,11.1635,9309,12415,19462,22361,-7.6891,SÃO MANUEL,False
71056,11699,10990,16639,17738,8.3533,8138,9754,17215,18376,-5.8074,SÃO MIGUEL ARCANJO,False
71072,3233696,2760747,6136450,6553181,10.5682,2057965,2618593,6321002,6892638,-5.4336,SÃO PAULO,True
71099,14724,13897,19078,20341,8.8578,11358,12973,17971,19688,-2.6911,SÃO PEDRO,False
71110,2774,2612,4054,4282,7.4267,1613,2292,4027,4268,-13.6473,SÃO PEDRO DO TURVO,False
71137,27181,23452,40493,43708,13.4691,16236,21617,40676,45136,-7.9776,SÃO ROQUE,False
71153,31132,25027,47712,50195,15.3903,17953,21950,45214,49085,-5.0116,SÃO SEBASTIÃO,False
71170,3952,3612,5485,5997,11.8209,2270,3407,5794,6295,-14.9439,SÃO SEBASTIÃO DA GRAMA,False
71196,5118,4559,7462,8099,12.2966,3589,4522,7828,8627,-6.5686,SÃO SIMÃO,False
71218,98031,87214,165130,178000,10.3693,77105,90072,175267,191317,-3.0871,SÃO VICENTE,False
71234,3451,3184,5247,5602,8.9341,1912,2796,5249,5603,-13.4759,SARAPUÍ,False
71250,1163,1080,2078,2261,8.2008,678,923,2194,2352,-8.3407,SARUTAIÁ,False
71277,1638,1499,2140,2307,11.5659,794,1324,2132,2245,-21.7335,SEBASTIANÓPOLIS DO SUL,False
71293,2820,2695,4941,5429,7.4326,1945,2417,5134,5713,-4.4223,SERRA AZUL,False
71315,14890,13353,22885,24988,11.6268,9730,12388,22841,25481,-6.0178,SERRANA,False
71331,11366,10696,15258,16406,9.2964,7863,10141,15509,16682,-10.0905,SERRA NEGRA,False
71358,43439,38741,64417,70056,12.1340,28816,35479,63136,70833,-4.4471,SERTÃOZINHO,False
71374,4763,4398,6831,7228,8.8795,2873,4138,7002,7442,-14.5722,SETE BARRAS,False
71390,6202,5495,8559,9179,12.5968,3089,4875,8407,9114,-16.7459,SEVERÍNIA,False
71412,2763,2205,3805,4091,18.7162,1343,1798,3715,3989,-8.9232,SILVEIRAS,False
71439,18060,16614,22167,23448,10.6178,12792,15442,20732,22696,-6.3367,SOCORRO,False
71455,244106,222939,365869,394389,10.1918,184101,213183,360380,395810,-2.7747,SOROCABA,False
71471,2526,2367,4110,4389,7.5296,1851,2160,4271,4603,-3.5871,SUD MENNUCCI,False
71498,89009,81394,136821,146673,9.5616,63745,75666,132875,148309,-3.0455,SUMARÉ,False
71510,91124,83257,153964,169270,9.9993,55992,77397,151846,171342,-8.2969,SUZANO,False
71536,4737,4570,6147,6668,8.5257,3430,4323,6228,6831,-8.2112,TABAPUÃ,False
71552,5024,4883,7254,7948,7.8215,3231,4325,7470,8283,-8.9624,TABATINGA,False
71579,77204,62653,148175,160058,12.9593,47167,57614,150668,168645,-2.8576,TABOÃO DA SERRA,False
71595,2400,2098,3792,3973,10.4847,1404,1806,3857,4043,-8.2685,TACIBA,False
71617,4733,4395,6634,7117,9.5910,3129,3739,6449,6981,-5.0405,TAGUAÍ,False
71633,2083,1901,3092,3386,11.2245,985,1644,3250,3482,-16.9066,TAIAÇU,False
71650,2387,2234,3130,3352,9.6152,1568,2101,3151,3440,-11.3136,TAIÚVA,False
71676,7505,6296,10872,11650,14.9876,4142,5960,10914,11964,-11.8649,TAMBAÚ,False
71692,10302,9496,13994,14984,10.2430,6391,9304,14451,15345,-16.4068,TANABI,False
71714,2734,2520,4123,4396,8.9861,2006,2361,4033,4361,-4.3993,TAPIRAÍ,False
71730,4234,3626,6333,6914,14.4118,2591,3362,6647,7486,-5.9305,TAPIRATIBA,False
71757,17926,16556,25495,27536,10.1869,11857,15526,25924,28447,-8.8411,TAQUARITINGA,False
71773,8320,7881,12375,13443,8.6070,5073,6397,12031,13222,-6.2154,TAQUARITUBA,False
71790,2258,1937,3684,3936,12.0797,1387,1679,3816,4052,-5.0894,TARABAI,False
71811,43442,40608,57927,62292,9.8046,31129,38110,58620,63830,-6.6024,TATUÍ,False
71838,121019,104820,164537,174367,13.4367,86469,102993,161156,176267,-4.7746,TAUBATÉ,False
71854,1445,1336,2395,2586,8.6712,738,1147,2540,2704,-13.3635,TEJUPÁ,False
71870,6345,5660,11278,11980,9.0146,4363,5329,11980,12788,-5.2528,TEODORO SAMPAIO,False
71897,3093,2805,4475,4794,10.6067,1829,2508,4301,4780,-9.9436,TERRA ROXA,False
71919,15912,14607,20743,22004,10.3268,12063,14031,20513,22408,-3.8094,TIETÊ,False
71935,1159,1018,1673,1789,12.3735,553,815,1664,1741,-13.5790,TIMBURI,False
71951,3636,3581,4623,5020,7.3156,2913,3520,4888,5390,-5.7112,TORRINHA,False
71978,15268,13500,21215,22452,11.8397,11119,12947,20821,22534,-4.0526,TREMEMBÉ,False
71994,2445,2292,3534,3797,8.8216,1572,2000,3404,3621,-9.0524,TRÊS FRONTEIRAS,False
72010,25646,23559,32525,34368,10.3009,21876,23255,33043,35759,1.1721,TUPÃ,False
72036,5697,5227,7590,8046,10.0953,3783,4972,7991,8368,-12.0761,TUPI PAULISTA,False
72052,825,821,1157,1244,5.3083,552,747,1188,1242,-13.6803,TURIÚBA,False
72079,801,668,1329,1419,13.1955,429,562,1250,1361,-6.9732,TURMALINA,False
72095,36019,33252,52435,56018,9.3332,26753,30761,48902,53447,-2.8468,UBATUBA,False
72117,1879,1720,2697,2883,10.0099,1241,1617,2885,3046,-10.0704,UBIRAJARA,False
72133,4146,3605,5647,6041,13.7440,2524,3316,5547,6018,-9.5993,UCHOA,False
72150,797,735,1182,1293,10.5835,405,623,1135,1192,-16.5823,UNIÃO PAULISTA,False
72176,3495,3425,4840,5286,7.4169,2415,3002,4709,5153,-6.9726,URÂNIA,False
72192,858,785,1104,1176,10.9657,492,700,1103,1143,-16.6367,URU,False
72214,5884,5613,7467,7958,8.2673,4298,5192,7207,7939,-5.7622,URUPÊS,False
72230,5367,4987,7253,7811,10.1511,3383,4349,6968,7585,-8.7863,VALENTIM GENTIL,False
72257,50299,44022,69737,73159,11.9537,34617,40503,65353,71516,-3.6656,VALINHOS,False
72273,7207,6772,10111,10784,8.4821,5745,6770,11065,11914,-4.9034,VALPARAÍSO,False
72311,15333,13918,20081,21897,12.7945,9436,13351,20340,22772,-12.2377,VARGEM GRANDE DO SUL,False
72338,39191,35108,57766,62456,11.6320,25201,32646,56751,63654,-6.8804,VÁRZEA PAULISTA,False
72354,4052,3683,5471,5826,10.8466,2926,3422,5592,6009,-4.6232,VERA CRUZ,False
72370,34622,30691,46750,49307,11.8130,24683,28569,44084,48266,-3.1999,VINHEDO,False
72397,7364,6811,9529,10192,10.4530,4878,6252,9164,10188,-8.1363,VIRADOURO,False
72419,2911,2747,4017,4417,10.2755,1877,2491,4112,4541,-9.2089,VISTA ALEGRE DO ALTO,False
72435,41037,38477,61898,67186,9.0284,30873,37026,62294,68763,-4.2857,VOTORANTIM,False
72451,36691,34199,48883,51815,9.0567,26551,32545,48970,52435,-7.8484,VOTUPORANGA,False
72737,17852,16390,28857,31475,9.7906,11122,14077,27634,30984,-5.1856,VARGEM GRANDE PAULISTA,False
