uf,cargo,numero,votos,validos,pct,candidato
SP,1,22,12239989,25656334,47.7075,22
SP,1,13,10490032,25656334,40.8867,13
SP,1,15,1625596,25656334,6.3360,15
SP,1,12,898540,25656334,3.5022,12
SP,1,30,183719,25656334,0.7161,30
SP,1,44,153601,25656334,0.5987,44
SP,1,80,21665,25656334,0.0844,80
SP,1,14,15784,25656334,0.0615,14
SP,1,21,14943,25656334,0.0582,21
SP,1,16,7450,25656334,0.0290,16
SP,1,27,5015,25656334,0.0195,27
SP,3,10,9881995,23352549,42.3166,10
SP,3,13,8337139,23352549,35.7012,13
SP,3,45,4296293,23352549,18.3975,45
SP,3,30,388974,23352549,1.6657,30
SP,3,12,281712,23352549,1.2063,12
SP,3,80,88767,23352549,0.3801,80
SP,3,21,46727,23352549,0.2001,21
SP,3,16,14859,23352549,0.0636,16
SP,3,27,10778,23352549,0.0462,27
SP,3,29,5305,23352549,0.0227,29
