grupo_governador,grupo_presidente,fracao_estimada,p05,p95,votos_do_grupo_governador,total_previsto_do_grupo_presidente,total_real_do_grupo_presidente
g_tarcisio,p_bolsonaro,0.9860,0.9547,1.0000,9881995,12258340.0913,12239989.0000
g_tarcisio,p_lula,0.0000,0.0000,0.0000,9881995,10497380.7015,10490032.0000
g_tarcisio,p_simone,0.0140,0.0000,0.0419,9881995,1609829.0022,1625596.0000
g_tarcisio,p_ciro,0.0000,0.0000,0.0045,9881995,877123.0047,898540.0000
g_tarcisio,p_outros_nominais,0.0000,0.0000,0.0000,9881995,383435.8085,402177.0000
g_tarcisio,p_branco_nulo,0.0000,0.0000,0.0000,9881995,1521738.3918,1533380.0000
g_haddad,p_bolsonaro,0.0000,0.0000,0.0000,8337139,12258340.0913,12239989.0000
g_haddad,p_lula,0.9637,0.9546,0.9935,8337139,10497380.7015,10490032.0000
g_haddad,p_simone,0.0143,0.0000,0.0193,8337139,1609829.0022,1625596.0000
g_haddad,p_ciro,0.0220,0.0046,0.0255,8337139,877123.0047,898540.0000
g_haddad,p_outros_nominais,0.0000,0.0000,0.0052,8337139,383435.8085,402177.0000
g_haddad,p_branco_nulo,0.0000,0.0000,0.0031,8337139,1521738.3918,1533380.0000
g_rodrigo,p_bolsonaro,0.3298,0.2639,0.4302,4296293,12258340.0913,12239989.0000
g_rodrigo,p_lula,0.2379,0.2050,0.2897,4296293,10497380.7015,10490032.0000
g_rodrigo,p_simone,0.2560,0.1551,0.3319,4296293,1609829.0022,1625596.0000
g_rodrigo,p_ciro,0.0816,0.0578,0.0950,4296293,877123.0047,898540.0000
g_rodrigo,p_outros_nominais,0.0524,0.0303,0.0626,4296293,383435.8085,402177.0000
g_rodrigo,p_branco_nulo,0.0423,0.0379,0.0473,4296293,1521738.3918,1533380.0000
g_outros_nominais,p_bolsonaro,0.0742,0.0000,0.2307,837122,12258340.0913,12239989.0000
g_outros_nominais,p_lula,0.1933,0.0000,0.3443,837122,10497380.7015,10490032.0000
g_outros_nominais,p_simone,0.3016,0.1400,0.5558,837122,1609829.0022,1625596.0000
g_outros_nominais,p_ciro,0.2698,0.1996,0.3885,837122,877123.0047,898540.0000
g_outros_nominais,p_outros_nominais,0.1138,0.0510,0.1610,837122,383435.8085,402177.0000
g_outros_nominais,p_branco_nulo,0.0473,0.0000,0.0569,837122,1521738.3918,1533380.0000
g_branco_nulo,p_bolsonaro,0.2729,0.2469,0.2936,3795298,12258340.0913,12239989.0000
g_branco_nulo,p_lula,0.3371,0.2849,0.3473,3795298,10497380.7015,10490032.0000
g_branco_nulo,p_simone,0.0000,0.0000,0.0237,3795298,1609829.0022,1625596.0000
g_branco_nulo,p_ciro,0.0308,0.0206,0.0683,3795298,877123.0047,898540.0000
g_branco_nulo,p_outros_nominais,0.0166,0.0019,0.0360,3795298,383435.8085,402177.0000
g_branco_nulo,p_branco_nulo,0.3426,0.3321,0.3534,3795298,1521738.3918,1533380.0000
