uf,municipios,n_candidatos_do_partido,spearman_pres_x_senado,ano,partido
AC,22,1,0.5042,2026,PL
AM,62,1,0.4730,2026,PL
BA,417,1,0.8183,2026,PL
CE,184,1,0.8870,2026,PL
ES,78,1,0.6709,2026,PL
GO,246,2,0.7544,2026,PL
MA,217,1,0.8382,2026,PL
MG,853,1,0.8044,2026,PL
MS,79,2,0.8075,2026,PL
MT,142,1,0.8250,2026,PL
PA,144,1,0.9461,2026,PL
PB,223,1,0.8682,2026,PL
PE,185,1,0.6423,2026,PL
PI,224,1,0.6705,2026,PL
PR,399,1,0.7237,2026,PL
RJ,92,2,0.8756,2026,PL
RN,167,1,0.6197,2026,PL
RO,52,2,0.8802,2026,PL
RR,15,2,0.7750,2026,PL
RS,497,1,0.9334,2026,PL
SC,295,2,0.6787,2026,PL
SE,75,2,0.3426,2026,PL
SP,645,1,0.9036,2026,PL
TO,139,1,-0.2166,2026,PL
AC,22,1,0.8317,2026,PT
AP,16,1,0.6765,2026,PT
BA,417,2,0.7735,2026,PT
ES,78,1,0.7725,2026,PT
MA,217,1,-0.0179,2026,PT
MG,853,1,0.7946,2026,PT
MS,79,1,0.7352,2026,PT
PE,185,1,0.5150,2026,PT
PR,399,2,0.8375,2026,PT
RJ,92,1,0.9133,2026,PT
RN,167,1,0.5012,2026,PT
RO,52,1,0.5933,2026,PT
RS,497,1,0.9561,2026,PT
SC,295,1,0.9350,2026,PT
SE,75,1,0.3769,2026,PT
TO,139,1,0.2513,2026,PT
AC,22,1,0.2140,2022,PL
AM,62,1,0.8300,2022,PL
BA,417,1,0.7555,2022,PL
ES,78,1,0.7728,2022,PL
GO,246,1,0.4513,2022,PL
MT,141,1,-0.0635,2022,PL
PA,144,1,0.8434,2022,PL
PB,223,1,0.2740,2022,PL
PE,185,1,0.9339,2022,PL
PR,399,1,0.6534,2022,PL
RJ,92,1,0.2048,2022,PL
RN,167,1,0.3125,2022,PL
RO,52,1,0.6421,2022,PL
SC,295,1,0.7718,2022,PL
SE,75,1,0.3798,2022,PL
SP,645,1,0.8962,2022,PL
AC,22,1,0.4308,2022,PT
CE,184,1,0.7581,2022,PT
MS,79,1,0.3294,2022,PT
PA,144,1,0.8307,2022,PT
PB,223,1,0.0463,2022,PT
PE,185,1,0.3034,2022,PT
PI,224,1,0.5616,2022,PT
RJ,92,1,0.7702,2022,PT
RS,497,1,0.9589,2022,PT
TO,139,1,0.1416,2022,PT
AC,22,1,0.6296,2018,PSL
AL,102,1,0.8444,2018,PSL
AP,16,1,0.6765,2018,PSL
BA,417,1,0.7656,2018,PSL
CE,184,2,0.8005,2018,PSL
ES,78,1,0.4954,2018,PSL
MA,217,1,0.7527,2018,PSL
MS,79,1,0.7119,2018,PSL
MT,141,1,0.6793,2018,PSL
PI,224,2,0.5905,2018,PSL
RJ,92,1,0.9244,2018,PSL
RO,52,1,0.5939,2018,PSL
RR,15,1,0.7964,2018,PSL
RS,497,1,0.6957,2018,PSL
SC,295,1,0.8422,2018,PSL
SE,75,1,0.5641,2018,PSL
SP,645,1,0.8462,2018,PSL
TO,139,2,0.6712,2018,PSL
AC,22,2,0.9740,2018,PT
BA,417,1,0.8650,2018,PT
ES,78,1,0.8370,2018,PT
GO,246,2,0.3576,2018,PT
MG,853,2,0.9287,2018,PT
MS,79,1,0.7259,2018,PT
PA,144,1,0.3906,2018,PT
PB,223,1,0.1746,2018,PT
PE,185,1,0.5045,2018,PT
PR,399,1,0.6815,2018,PT
RJ,92,1,0.7177,2018,PT
RN,167,1,0.2333,2018,PT
RO,52,1,0.6974,2018,PT
RS,497,1,0.8457,2018,PT
SC,295,2,0.8682,2018,PT
SE,75,1,0.3780,2018,PT
SP,645,2,0.8476,2018,PT
TO,139,1,0.0121,2018,PT
