uf,numero,nome,partido,votos,pct,eleito,nome_na_lista
AC,222,MARCIO BITTAR,PL,223972,25.5880,True,Marcio Bittar
AC,100,MARA ROCHA,REPUBLICANOS,157104,17.9485,True,Mara Rocha
AL,456,MARINA JHC,PSDB,926860,28.2012,True,Marina Candia
AL,111,ARTHUR LIRA,PP,948703,28.8658,True,Arthur Lira
AP,555,LUCAS BARRETO,PSD,213948,24.2235,True,Lucas Barreto
AP,200,RAYSSA FURLAN,PODE,264799,29.9809,True,Rayssa Furlan
AM,222,CAPITÃO ALBERTO NETO,PL,909155,23.6645,False,Capitao Alberto Neto
BA,222,JOÃO ROMA,PL,2879443,19.9706,False,Joao Roma
BA,100,ANGELO CORONEL,REPUBLICANOS,2898885,20.1054,False,Angelo Coronel
CE,445,CAPITÃO WAGNER,UNIÃO,2011388,20.6982,False,Capitao Wagner
CE,222,ALCIDES FERNANDES,PL,1776782,18.2840,False,Alcides Fernandes
DF,223,BIA KICIS,PL,886616,27.4447,True,Bia Kicis
DF,222,MICHELLE BOLSONARO,PL,938496,29.0506,True,Michelle Bolsonaro
ES,222,MAGUINHA MALTA,PL,761722,18.9016,False,Maguinha Malta
ES,100,EVAIR DE MELO,REPUBLICANOS,982978,24.3920,True,Evair de Melo
GO,222,GUSTAVO GAYER,PL,1639247,24.5323,True,Gustavo Gayer
GO,227,OSÉIAS VARÃO,PL,676930,10.1307,False,Oseias Varao
MA,222,CIDÔNIO GONÇALVES,PL,602997,8.4432,False,Cidonio Goncalves
MT,222,ZÉ MEDEIROS,PL,977777,27.3484,True,Jose Medeiros
MS,221,CAPITÃO CONTAR,PL,856045,32.8231,True,Capitao Contar
MS,222,REINALDO AZAMBUJA,PL,903554,34.6447,True,Reinaldo Azambuja
MG,222,DOMINGOS SÁVIO,PL,4968829,24.2081,True,Domingos Savio
PA,222,DELEGADO ÉDER MAURO,PL,1997768,22.2633,False,Eder Mauro
PA,200,ZEQUINHA MARINHO,PODE,1889653,21.0584,False,Zequinha Marinho
PB,222,DR. MARCELO QUEIROGA,PL,533723,12.4621,False,Marcelo Queiroga
PR,222,FILIPE BARROS,PL,3148583,27.2538,True,Filipe Barros
PR,300,DELTAN DALLAGNOL,NOVO,2904594,25.1418,True,Deltan Dallagnol
PE,222,MENDONÇA FILHO,PL,1728587,18.5651,False,Mendonca Filho
RJ,222,CARLOS PORTINHO,PL,4264932,26.7738,True,Carlos Portinho
RJ,221,CARLOS JORDY,PL,3912405,24.5608,True,Carlos Jordy
RN,200,STYVENSON VALENTIM,PODE,1055000,29.2503,True,Styvenson Valentim
RN,222,CORONEL HÉLIO,PL,620354,17.1995,False,Coronel Helio
RS,222,SANDERSON,PL,3453316,30.1124,True,Ubiratan Sanderson
RS,300,MARCEL VAN HATTEM,NOVO,3449053,30.0752,True,Marcel van Hattem
RO,221,DR. FERNANDO MÁXIMO,PL,570799,31.9737,True,Fernando Maximo
RO,222,BRUNO SCHEID,PL,474226,26.5641,True,Bruno Scheid
RR,222,HELIO FERNANDO BARBOSA LOPES,PL,79038,12.9653,False,Helio Lopes
RR,227,NICOLETTI,PL,138269,22.6814,True,Antonio Carlos Nicoletti
SC,221,CAROL DE TONI,PL,2694918,33.4645,True,Carol de Toni
SC,222,CARLOS BOLSONARO,PL,2041840,25.3548,True,Carlos Bolsonaro
SP,111,GUILHERME DERRITE,PP,13273880,30.5944,True,Guilherme Derrite
SP,222,ANDRÉ DO PRADO,PL,12703089,29.2788,True,Andre do Prado
SE,221,CORONEL ROCHA,PL,40372,1.7304,False,Coronel Rocha
SE,222,RODRIGO VALADARES,PL,129356,5.5442,False,Rodrigo Valadares
TO,222,EDUARDO GOMES,PL,450191,27.2238,True,Eduardo Gomes
TO,444,GAGUIM,UNIÃO,255548,15.4534,False,Carlos Gaguim
