ano,uf,flavio_ou_bolsonaro_pct,lula_ou_haddad_pct,n_cand_partido_pres,n_cand_partido_lula,razao_partido_pres,razao_partido_lula
2018,AC,62.2384,18.5334,1,2,0.0821,1.5778
2018,AL,34.4038,44.7500,1,0,0.3181,
2018,AM,43.4779,40.3000,0,0,,
2018,AP,40.7400,32.7724,1,0,0.0768,
2018,BA,23.4122,60.2827,1,1,0.4143,1.1847
2018,CE,21.7426,33.1238,2,0,0.3064,
2018,DF,58.3661,11.8732,0,2,,0.9216
2018,ES,54.7609,24.1987,1,1,0.2517,0.3799
2018,GO,57.2376,21.8555,0,2,,0.1940
2018,MA,24.2810,61.2614,1,0,0.3682,
2018,MG,48.3089,27.6487,0,2,,0.8169
2018,MS,55.0570,23.8669,1,1,0.5808,1.0542
2018,MT,60.0390,24.7595,1,0,0.8184,
2018,PA,36.1909,41.3935,0,1,,0.5431
2018,PB,31.2955,45.4573,0,1,,1.0165
2018,PE,30.5739,48.8677,0,1,,1.0530
2018,PI,18.7645,63.3955,2,0,0.2389,
2018,PR,56.8927,19.7044,0,1,,0.6007
2018,RJ,59.7858,14.6947,1,1,1.0468,1.3803
2018,RN,30.2105,41.1864,0,1,,0.4028
2018,RO,62.2396,20.3615,1,1,0.4630,0.6944
2018,RR,62.9746,17.8498,1,0,0.3265,
2018,RS,52.6270,22.8059,1,1,0.5424,1.5553
2018,SC,65.8192,15.1317,1,2,0.5399,0.6709
2018,SE,27.2111,50.0915,1,1,0.1737,0.6558
2018,SP,53.0044,16.4177,1,2,0.9658,1.1678
2018,TO,44.6353,41.1243,2,1,0.2316,0.5252
2022,AC,62.5020,29.2622,1,1,0.1599,0.3281
2022,AL,36.0462,56.4985,0,0,,
2022,AM,42.7971,49.5792,1,0,0.9109,
2022,AP,43.4146,45.6733,0,0,,
2022,BA,24.3096,69.7266,1,0,0.6010,
2022,CE,25.3778,65.9087,0,1,,1.0584
2022,DF,51.6515,36.8514,1,1,0.5236,0.6084
2022,ES,52.2270,40.4005,1,0,0.8033,
2022,GO,52.1586,39.5147,1,0,0.4841,
2022,MA,26.0167,68.8445,0,0,,
2022,MG,43.6001,48.2878,0,0,,
2022,MS,52.7015,39.0396,0,1,,0.3347
2022,MT,59.8444,34.3889,1,0,0.8569,
2022,PA,40.2713,52.2172,1,1,0.8809,0.8148
2022,PB,29.6246,64.2060,1,1,0.3908,0.3357
2022,PE,29.9144,65.2663,1,1,0.9877,0.7066
2022,PI,19.9031,74.2525,0,1,,0.6915
2022,PR,55.2572,35.9917,1,0,0.5270,
2022,RJ,51.0882,40.6818,1,1,0.5713,0.2969
2022,RN,31.0239,62.9802,1,0,1.3490,
2022,RO,64.3582,28.9791,1,0,0.5563,
2022,RR,69.5739,23.0453,0,0,,
2022,RS,48.8874,42.2835,0,1,,0.8831
2022,SC,62.2123,29.5364,1,0,0.6390,
2022,SE,29.1590,63.8244,1,0,0.7779,
2022,SP,47.7075,40.8867,1,0,1.0413,
2022,TO,44.0006,50.3953,0,1,,0.1118
