uf,flavio_pct,lula_pct,validos_senado,eleitores_aprox,pl_n,pl_votos,pl_eleitos,pl_votos_por_eleitor,pl_media_por_candidato_pct_eleitores,apoio_flavio_n,apoio_flavio_votos,apoio_flavio_eleitos,apoio_flavio_votos_por_eleitor,apoio_flavio_media_por_candidato_pct_eleitores,pt_n,pt_votos,pt_eleitos,pt_votos_por_eleitor,pt_media_por_candidato_pct_eleitores,razao_pl_media_sobre_flavio,razao_pt_media_sobre_lula,razao_apoio_flavio_media_sobre_flavio,a_explicar_literal,fora_do_intervalo_historico_pl
AC,64.5553,28.7316,875302,437651.0000,1,223972,1,0.5118,51.1759,2,381076,2,0.8707,43.5365,1,124063,0,0.2835,28.3475,0.7927,0.9866,0.6744,False,
AL,40.4495,54.7300,3286601,1643300.5000,0,0,0,,,2,1875563,2,1.1413,57.0670,0,0,0,,,,,1.4108,False,
AM,44.9963,48.2317,3841845,1920922.5000,1,909155,0,0.4733,47.3291,1,909155,0,0.4733,47.3291,0,0,0,,,1.0518,,1.0518,True,acima
AP,45.6651,45.7135,883225,441612.5000,0,0,0,,,2,478747,2,1.0841,54.2044,1,163857,0,0.3710,37.1042,,0.8117,1.1870,False,
BA,28.5339,66.1750,14418409,7209204.5000,1,2879443,0,0.3994,39.9412,2,5778328,0,0.8015,40.0760,2,8321886,2,1.1543,57.7171,1.3998,0.8722,1.4045,True,acima
CE,31.2728,63.2855,9717683,4858841.5000,1,1776782,0,0.3657,36.5680,2,3788170,0,0.7796,38.9822,0,0,0,,,1.1693,,1.2465,True,acima
DF,51.3093,38.1106,3230557,1615278.5000,2,1825112,2,1.1299,56.4953,2,1825112,2,1.1299,56.4953,1,610950,0,0.3782,37.8232,1.1011,0.9925,1.1011,True,acima
ES,54.7824,37.7609,4029927,2014963.5000,1,761722,0,0.3780,37.8033,2,1744700,1,0.8659,43.2936,1,521431,0,0.2588,25.8779,0.6901,0.6853,0.7903,False,
GO,53.6046,31.0589,6681994,3340997.0000,2,2316177,1,0.6933,34.6630,2,2316177,1,0.6933,34.6630,0,0,0,,,0.6466,,0.6466,False,
MA,30.8954,63.9905,7141845,3570922.5000,1,602997,0,0.1689,16.8863,1,602997,0,0.1689,16.8863,1,696298,0,0.1950,19.4991,0.5466,0.3047,0.5466,False,
MG,48.2416,43.3273,20524382,10262191.0000,1,4968829,1,0.4842,48.4188,1,4968829,1,0.4842,48.4188,1,3990864,1,0.3889,38.8890,1.0037,0.8976,1.0037,False,
MS,58.6032,34.6818,2608059,1304029.5000,2,1759599,2,1.3494,67.4678,2,1759599,2,1.3494,67.4678,1,361920,0,0.2775,27.7540,1.1513,0.8002,1.1513,True,acima
MT,65.1477,29.1820,3575264,1787632.0000,1,977777,1,0.5470,54.6968,1,977777,1,0.5470,54.6968,0,0,0,,,0.8396,,0.8396,False,
PA,44.4968,49.9106,8973375,4486687.5000,1,1997768,0,0.4453,44.5266,2,3887421,0,0.8664,43.3217,0,0,0,,,1.0007,,0.9736,False,
PB,33.0732,61.3080,4282762,2141381.0000,1,533723,0,0.2492,24.9242,1,533723,0,0.2492,24.9242,0,0,0,,,0.7536,,0.7536,False,
PE,31.0308,63.4522,9310957,4655478.5000,1,1728587,0,0.3713,37.1302,1,1728587,0,0.3713,37.1302,1,2531389,1,0.5437,54.3744,1.1966,0.8569,1.1966,True,acima
PI,24.0882,70.9893,3666473,1833236.5000,1,324530,0,0.1770,17.7026,0,0,0,,,0,0,0,,,0.7349,,,False,
PR,59.9119,31.2000,11552833,5776416.5000,1,3148583,1,0.5451,54.5075,2,6053177,2,1.0479,52.3956,2,2696779,0,0.4669,23.3430,0.9098,0.7482,0.8745,False,
RJ,53.0096,39.4145,15929482,7964741.0000,2,8177337,2,1.0267,51.3346,2,8177337,2,1.0267,51.3346,1,3220765,0,0.4044,40.4378,0.9684,1.0260,0.9684,False,
RN,34.7745,59.7502,3606806,1803403.0000,1,620354,0,0.3440,34.3991,2,1675354,1,0.9290,46.4498,1,635924,1,0.3526,35.2624,0.9892,0.5902,1.3357,False,
RO,67.4533,25.8938,1785214,892607.0000,2,1045025,2,1.1708,58.5378,2,1045025,2,1.1708,58.5378,1,96391,0,0.1080,10.7988,0.8678,0.4170,0.8678,False,
RR,71.0568,22.8601,609613,304806.5000,2,217307,1,0.7129,35.6467,2,217307,1,0.7129,35.6467,0,0,0,,,0.5017,,0.5017,False,
RS,55.6400,35.7270,11468092,5734046.0000,1,3453316,1,0.6022,60.2248,2,6902369,2,1.2038,60.1876,1,1870301,0,0.3262,32.6175,1.0824,0.9130,1.0817,True,acima
SC,66.6538,25.0432,8053075,4026537.5000,2,4736758,2,1.1764,58.8192,2,4736758,2,1.1764,58.8192,1,823200,0,0.2044,20.4444,0.8825,0.8164,0.8825,False,
SE,30.6290,62.7490,2333169,1166584.5000,2,169728,0,0.1455,7.2746,2,169728,0,0.1455,7.2746,1,511142,1,0.4382,43.8153,0.2375,0.6983,0.2375,False,
SP,51.9324,38.1995,43380960,21690480.0000,1,12703089,1,0.5857,58.5653,2,25976969,2,1.1976,59.8810,0,0,0,,,1.1277,,1.1531,True,acima
TO,50.4404,43.4210,1653665,826832.5000,1,450191,1,0.5445,54.4477,2,705739,1,0.8535,42.6773,1,129838,0,0.1570,15.7031,1.0794,0.3616,0.8461,False,acima
