faixa,boletins,validos,margem_flavio_lula_do_lote
2022-10-02 02:05:00,3,294,-55.4422
2022-10-02 03:25:00,2,236,-10.1695
2022-10-02 04:15:00,3,1096,-42.7920
2022-10-02 04:25:00,10,3045,-21.6420
2022-10-02 04:45:00,1,179,-1.6760
2022-10-02 04:55:00,1,465,-33.3333
2022-10-02 05:05:00,1,279,-35.1254
2022-10-02 05:10:00,1,344,-40.4070
2022-10-02 05:40:00,1,207,-37.1981
2022-10-02 05:45:00,3,528,52.2727
2022-10-02 05:55:00,1,377,72.1485
2022-10-02 06:05:00,1,76,-38.1579
2022-10-02 06:15:00,2,322,46.8944
2022-10-02 06:20:00,3,613,-10.4405
2022-10-02 06:25:00,3,414,-4.1063
2022-10-02 06:40:00,1,435,65.9770
2022-10-02 06:50:00,1,189,65.6085
2022-10-02 06:55:00,2,632,-11.3924
2022-10-02 07:10:00,2,496,45.5645
2022-10-02 07:15:00,2,426,57.7465
2022-10-02 07:35:00,7,2458,69.6094
2022-10-02 08:05:00,3,1239,58.5956
2022-10-02 08:10:00,9,3267,60.0857
2022-10-02 08:45:00,1,41,-36.5854
2022-10-02 08:50:00,14,4927,63.9943
2022-10-02 08:55:00,22,5729,43.1663
2022-10-02 09:30:00,27,7700,63.3506
2022-10-02 10:30:00,2,365,22.1918
2022-10-02 10:45:00,2,590,5.2542
2022-10-02 11:10:00,1,51,-3.9216
2022-10-02 11:15:00,2,414,10.3865
2022-10-02 11:20:00,2,625,-42.0800
2022-10-02 11:30:00,10,2447,-23.6208
2022-10-02 11:35:00,2,721,-12.4827
2022-10-02 11:40:00,4,1009,-8.0278
2022-10-02 11:45:00,2,552,-41.8478
2022-10-02 11:55:00,1,54,-14.8148
2022-10-02 12:10:00,2,146,-38.3562
2022-10-02 12:15:00,5,1672,-69.0191
2022-10-02 12:20:00,5,1377,-59.6950
2022-10-02 12:25:00,1,66,-15.1515
2022-10-02 12:30:00,1,311,-50.8039
2022-10-02 12:35:00,1,303,39.6040
2022-10-02 12:45:00,3,830,-46.7470
2022-10-02 12:55:00,1,394,-42.3858
2022-10-02 13:00:00,1,430,-57.4419
2022-10-02 13:10:00,1,291,11.3402
2022-10-02 13:15:00,1,53,-49.0566
2022-10-02 13:40:00,1,517,-15.2805
2022-10-02 13:45:00,20,4189,-21.3177
2022-10-02 13:50:00,5,2003,-48.1278
2022-10-02 14:05:00,15,4906,-15.8377
2022-10-02 14:10:00,4,1281,-51.5222
2022-10-02 14:30:00,5,1643,-38.4054
2022-10-02 14:35:00,19,3712,-22.2791
2022-10-02 14:40:00,9,2840,-30.7746
2022-10-02 14:45:00,4,1223,-50.2862
2022-10-02 15:10:00,7,1995,-53.5338
2022-10-02 15:15:00,19,5690,-7.7329
2022-10-02 15:20:00,26,9678,-33.1577
2022-10-02 15:30:00,12,2974,-32.6496
2022-10-02 15:40:00,62,21268,-39.1339
2022-10-02 15:45:00,16,6761,-63.3338
2022-10-02 15:50:00,37,14007,-30.4491
2022-10-02 15:55:00,2,567,-5.2910
2022-10-02 16:25:00,5,1851,-49.4868
2022-10-02 16:45:00,10,2697,-26.6593
2022-10-02 17:05:00,134,34109,16.6056
2022-10-02 17:10:00,556,136876,15.7332
2022-10-02 17:15:00,650,157059,12.5195
2022-10-02 17:20:00,644,158147,9.3046
2022-10-02 17:25:00,649,156593,8.1766
2022-10-02 17:30:00,1025,241569,7.6024
2022-10-02 17:35:00,1095,261441,6.1915
2022-10-02 17:40:00,1115,266209,6.6955
2022-10-02 17:45:00,1564,369419,7.3957
2022-10-02 17:50:00,1956,460180,7.7665
2022-10-02 17:55:00,2629,617409,5.5174
2022-10-02 18:00:00,2649,619851,7.4574
2022-10-02 18:05:00,4685,1106692,6.2315
2022-10-02 18:10:00,3981,933302,6.1279
2022-10-02 18:20:00,9851,2317508,4.9346
2022-10-02 18:25:00,9861,2327820,3.7558
2022-10-02 18:30:00,10833,2565757,3.5678
2022-10-02 18:35:00,12283,2900140,2.7508
2022-10-02 18:40:00,12203,2912120,3.4085
2022-10-02 18:45:00,12741,3065932,5.0119
2022-10-02 18:50:00,14598,3519297,4.1087
2022-10-02 18:55:00,14488,3491301,2.9728
2022-10-02 19:00:00,16658,4030483,2.4326
2022-10-02 19:05:00,16919,4117872,1.2607
2022-10-02 19:10:00,14798,3653286,0.4102
2022-10-02 19:15:00,17979,4450988,-0.7040
2022-10-02 19:20:00,17954,4472151,-1.4485
2022-10-02 19:25:00,15469,3867699,-2.3741
2022-10-02 19:30:00,18956,4754095,-4.0892
2022-10-02 19:35:00,16690,4253753,-3.1414
2022-10-02 19:40:00,17514,4429811,-4.4842
2022-10-02 19:45:00,16440,4217165,-4.1679
2022-10-02 19:50:00,17483,4503814,-5.5168
2022-10-02 19:55:00,16934,4381149,-7.7140
2022-10-02 20:00:00,17063,4444476,-8.3216
2022-10-02 20:05:00,17294,4483329,-9.2436
2022-10-02 20:10:00,16540,4325827,-8.9657
2022-10-02 20:15:00,17444,4572328,-10.8429
2022-10-02 20:20:00,17052,4501459,-12.2526
2022-10-02 20:25:00,16706,4405266,-17.6110
2022-10-02 20:30:00,2523,663935,-17.7951
2022-10-02 20:35:00,6982,1824217,-19.4064
2022-10-02 20:40:00,3178,828851,-24.9566
2022-10-02 20:45:00,3367,879050,-17.1855
2022-10-02 20:50:00,2724,706939,-24.3113
2022-10-02 20:55:00,2842,736209,-19.1671
2022-10-02 21:00:00,2418,653802,-19.6232
2022-10-02 21:05:00,1721,447127,-25.4462
2022-10-02 21:10:00,1796,447656,-29.6174
2022-10-02 21:15:00,1839,468640,-24.6810
2022-10-02 21:20:00,1634,414501,-20.4050
2022-10-02 21:25:00,1707,428982,-28.5383
2022-10-02 21:30:00,1296,320418,-33.0833
2022-10-02 21:35:00,1076,271905,-31.8494
2022-10-02 21:40:00,1022,255588,-34.3780
2022-10-02 21:45:00,938,240204,-35.9594
2022-10-02 21:50:00,904,229970,-30.7336
2022-10-02 21:55:00,752,190358,-35.7258
2022-10-02 22:00:00,679,166346,-40.1092
2022-10-02 22:05:00,784,189844,-46.5946
2022-10-02 22:10:00,570,130094,-46.8577
2022-10-02 22:15:00,444,106830,-49.0817
2022-10-02 22:20:00,565,135695,-50.2399
2022-10-02 22:25:00,521,122170,-42.7372
2022-10-02 22:30:00,334,74454,-52.4377
2022-10-02 22:35:00,297,68302,-44.4394
2022-10-02 22:40:00,251,59898,-38.1148
2022-10-02 22:45:00,286,67378,-41.6323
2022-10-02 22:50:00,178,42545,-52.7959
2022-10-02 22:55:00,183,41716,-62.1680
2022-10-02 23:00:00,148,35730,-56.0621
2022-10-02 23:05:00,189,40948,-53.7731
2022-10-02 23:10:00,94,21463,-55.2532
2022-10-02 23:15:00,92,23255,-53.7820
2022-10-02 23:20:00,155,36848,-54.7438
2022-10-02 23:25:00,74,19386,-62.0241
2022-10-02 23:30:00,81,19567,-54.7452
2022-10-02 23:35:00,113,24703,-64.9111
2022-10-02 23:40:00,100,23758,-57.5890
2022-10-02 23:45:00,45,9634,-56.2591
2022-10-02 23:50:00,107,24016,-63.9532
2022-10-02 23:55:00,15,3642,-71.6090
2022-10-03 00:00:00,43,10646,-63.7235
2022-10-03 00:05:00,34,8304,-57.3338
2022-10-03 00:10:00,60,14167,-65.0244
2022-10-03 00:15:00,45,10688,-52.8537
2022-10-03 00:20:00,23,5323,-41.8937
2022-10-03 00:25:00,23,5361,-67.4501
2022-10-03 00:30:00,14,3218,-35.0528
2022-10-03 00:35:00,39,9443,-67.9233
2022-10-03 00:40:00,35,7933,-34.4636
2022-10-03 00:45:00,39,9268,-54.3699
2022-10-03 00:50:00,7,1645,-72.5228
2022-10-03 00:55:00,20,4586,-78.5216
2022-10-03 01:00:00,9,1990,-67.9899
2022-10-03 01:05:00,4,983,-68.2604
2022-10-03 01:10:00,3,625,-56.6400
2022-10-03 01:15:00,9,2372,-68.0438
2022-10-03 01:20:00,8,1837,-67.5558
2022-10-03 01:25:00,8,1684,-77.9691
2022-10-03 01:35:00,1,316,-93.6709
2022-10-03 01:40:00,3,832,-73.3173
2022-10-03 01:45:00,4,835,-58.0838
2022-10-03 01:50:00,3,525,-57.7143
2022-10-03 01:55:00,1,246,-90.2439
2022-10-03 02:00:00,2,335,-61.7910
2022-10-03 02:10:00,8,2230,-58.6547
2022-10-03 02:35:00,1,400,-86.7500
2022-10-03 03:20:00,1,315,-86.3492
2022-10-03 03:25:00,1,390,-90.2564
2022-10-03 04:10:00,1,357,-86.5546
2022-10-03 04:40:00,1,242,-33.0579
2022-10-03 05:00:00,1,165,-82.4242
2022-10-03 05:10:00,1,138,-89.1304
2022-10-03 09:50:00,1,223,-65.0224
2022-10-03 10:05:00,2,383,-69.4517
2022-10-03 10:10:00,1,240,-25.0000
2022-10-03 18:35:00,9,2484,-13.4058
2022-10-03 19:25:00,1,217,5.5300
