uf,secoes_no_lote,peso_no_lote_pct,margem_do_grupo_no_lote,margem_do_grupo_antes,margem_final_do_grupo,contribuicao_pontos
BA,18996,11.2113,-47.5952,-42.4814,-45.4171,-1.9635
CE,11228,6.2344,-45.5086,-35.6468,-40.5309,-1.0444
PE,11106,7.0222,-39.3249,-30.3864,-35.3518,-1.0180
MA,10594,5.6575,-48.5395,-32.4396,-42.8277,-1.0103
PI,3179,1.7536,-59.7195,-51.1961,-54.3494,-0.3847
MG,21687,12.5393,-7.9040,-2.0556,-4.6877,-0.3805
PA,6357,3.8860,-18.1763,-8.4695,-11.9458,-0.2635
PB,2749,1.6267,-42.7720,-31.2406,-34.5813,-0.2563
AL,5221,3.2282,-20.5206,-20.1657,-20.4522,-0.2465
RN,2570,1.6732,-31.1060,-32.4337,-31.9563,-0.1924
AM,1958,1.2402,-32.0796,2.1096,-6.7821,-0.1470
SE,1087,0.6310,-43.8801,-32.2217,-34.6654,-0.1020
TO,313,0.1691,-23.9836,-4.7681,-6.3947,-0.0151
MS,115,0.0583,-31.6361,14.4309,13.6619,-0.0068
AP,377,0.2484,-5.5486,-1.1743,-2.2586,-0.0054
DF,92,0.0570,14.8055,14.8000,14.8001,0.0030
ES,135,0.0753,16.1190,11.7628,11.8265,0.0043
AC,199,0.0956,30.0847,33.5652,33.2398,0.0103
ZZ,431,0.2661,11.1189,-16.2128,-5.5632,0.0104
RR,133,0.0768,41.5102,47.1553,46.5286,0.0115
GO,2637,1.5602,3.0513,14.7895,12.6439,0.0150
RS,4056,2.2490,4.0883,7.0344,6.6039,0.0301
RO,749,0.3956,40.0838,34.2836,35.3792,0.0572
MT,1330,0.7687,22.0660,26.1992,25.4556,0.0607
PR,2053,1.2527,14.0661,19.7317,19.2655,0.0624
SP,32537,19.9191,3.3482,8.5689,6.8208,0.2132
SC,5347,3.3749,31.7866,33.1261,32.6759,0.3862
RJ,18871,12.7296,11.7026,8.6123,10.4064,0.5242
