pct_secoes,margem,recebido_ate,turno
10.0000,5.4532,2022-10-02 18:31:53,1
20.0000,4.6608,2022-10-02 18:51:01,1
30.0000,4.0066,2022-10-02 19:06:26,1
40.0000,3.0153,2022-10-02 19:20:32,1
50.0000,1.8658,2022-10-02 19:34:00,1
60.0000,0.8569,2022-10-02 19:47:54,1
64.8100,0.4146,2022-10-02 19:54:41,1
70.0000,-0.2436,2022-10-02 20:01:54,1
80.0000,-1.3726,2022-10-02 20:15:47,1
84.9600,-1.9674,2022-10-02 20:22:39,1
90.0000,-2.7969,2022-10-02 20:29:40,1
95.0000,-3.7524,2022-10-02 21:00:33,1
99.0000,-4.7991,2022-10-02 22:15:11,1
100.0000,-5.2332,2022-10-03 19:28:51,1
10.0000,4.0229,2022-10-30 17:32:54,2
20.0000,3.1252,2022-10-30 17:48:12,2
30.0000,2.1076,2022-10-30 18:01:55,2
40.0000,1.3128,2022-10-30 18:15:13,2
50.0000,0.6096,2022-10-30 18:26:12,2
60.0000,0.2258,2022-10-30 18:35:52,2
64.8100,0.1010,2022-10-30 18:40:34,2
70.0000,-0.0923,2022-10-30 18:45:56,2
80.0000,-0.6020,2022-10-30 18:56:08,2
84.9600,-0.8302,2022-10-30 19:01:16,2
90.0000,-1.0626,2022-10-30 19:09:01,2
95.0000,-1.3199,2022-10-30 19:23:26,2
99.0000,-1.6716,2022-10-30 20:00:28,2
100.0000,-1.8048,2022-10-31 00:17:31,2
