uf,secoes,spearman_comparecimento_x_pct,pct_secoes_no_canto_95_90,comparecimento_medio,ano,candidato
AC,2270,0.1796,0.0000,79.6585,2026,flavio
AL,7101,0.3943,0.0000,79.4786,2026,flavio
AM,8156,0.3506,0.0000,79.7619,2026,flavio
AP,1913,0.0550,0.0000,82.5919,2026,flavio
BA,35473,-0.0119,0.0000,80.2584,2026,flavio
CE,23756,0.2743,0.0000,84.4350,2026,flavio
DF,6967,-0.0432,0.0000,81.1733,2026,flavio
ES,9840,0.1887,0.0000,78.7382,2026,flavio
GO,15680,0.1959,0.0000,78.1956,2026,flavio
MA,18084,0.2165,0.0000,80.3311,2026,flavio
MG,52035,0.1707,0.0019,77.1945,2026,flavio
MS,7104,0.2420,0.0000,76.2021,2026,flavio
MT,8283,-0.1358,0.0000,77.8886,2026,flavio
PA,20815,-0.2987,0.0048,81.0949,2026,flavio
PB,10706,0.3128,0.0000,82.6351,2026,flavio
PE,21415,0.3526,0.0000,81.8847,2026,flavio
PI,10221,0.0383,0.0000,82.8081,2026,flavio
PR,27139,0.2320,0.0000,79.4612,2026,flavio
RJ,37674,0.2509,0.0000,76.9096,2026,flavio
RN,8114,-0.0659,0.0000,81.9065,2026,flavio
RO,4694,-0.2218,0.0000,78.3197,2026,flavio
RR,1518,-0.2008,0.0000,83.0051,2026,flavio
RS,27533,0.5037,0.0036,78.8287,2026,flavio
SC,17320,0.2599,0.0000,81.2379,2026,flavio
SE,5921,0.2402,0.0000,82.7856,2026,flavio
SP,103617,0.1593,0.0000,77.5038,2026,flavio
TO,4384,0.0902,0.0000,81.6515,2026,flavio
ZZ,1278,-0.2548,0.0000,37.6929,2026,flavio
AC,2270,-0.1902,0.0000,79.6585,2026,lula
AL,7101,-0.4125,0.0141,79.4786,2026,lula
AM,8156,-0.3669,0.0858,79.7619,2026,lula
AP,1913,-0.0816,0.0000,82.5919,2026,lula
BA,35473,0.0078,0.0282,80.2584,2026,lula
CE,23756,-0.2877,0.0295,84.4350,2026,lula
DF,6967,0.0319,0.0000,81.1733,2026,lula
ES,9840,-0.2158,0.0000,78.7382,2026,lula
GO,15680,-0.2398,0.0000,78.1956,2026,lula
MA,18084,-0.2444,0.0608,80.3311,2026,lula
MG,52035,-0.2138,0.0038,77.1945,2026,lula
MS,7104,-0.3237,0.0000,76.2021,2026,lula
MT,8283,0.0938,0.0000,77.8886,2026,lula
PA,20815,0.2780,0.0721,81.0949,2026,lula
PB,10706,-0.3224,0.0093,82.6351,2026,lula
PE,21415,-0.3545,0.0047,81.8847,2026,lula
PI,10221,-0.0660,0.0783,82.8081,2026,lula
PR,27139,-0.2511,0.0000,79.4612,2026,lula
RJ,37674,-0.2536,0.0000,76.9096,2026,lula
RN,8114,0.0546,0.0000,81.9065,2026,lula
RO,4694,0.2231,0.0000,78.3197,2026,lula
RR,1518,0.1805,0.1318,83.0051,2026,lula
RS,27533,-0.5112,0.0000,78.8287,2026,lula
SC,17320,-0.2685,0.0000,81.2379,2026,lula
SE,5921,-0.2537,0.0000,82.7856,2026,lula
SP,103617,-0.1906,0.0000,77.5038,2026,lula
TO,4384,-0.0960,0.0228,81.6515,2026,lula
ZZ,1278,0.2252,0.0000,37.6929,2026,lula
AC,2124,0.1880,0.0000,77.6054,2022,bolsonaro
AL,6626,0.4791,0.0000,77.6749,2022,bolsonaro
AM,7452,0.5456,0.0000,79.7088,2022,bolsonaro
AP,1739,0.0990,0.0000,80.5979,2022,bolsonaro
BA,34419,0.1134,0.0000,78.5466,2022,bolsonaro
CE,22794,0.2682,0.0000,82.4424,2022,bolsonaro
DF,6746,0.0155,0.0000,82.5194,2022,bolsonaro
ES,9237,0.1238,0.0000,79.2867,2022,bolsonaro
GO,14619,0.1918,0.0000,78.3461,2022,bolsonaro
MA,16416,0.2896,0.0000,77.8299,2022,bolsonaro
MG,49961,0.1621,0.0000,77.5984,2022,bolsonaro
MS,6912,0.2504,0.0000,77.9224,2022,bolsonaro
MT,7652,-0.1693,0.0000,76.6852,2022,bolsonaro
PA,18233,-0.1952,0.0000,78.8434,2022,bolsonaro
PB,9599,0.4526,0.0000,82.6473,2022,bolsonaro
PE,20570,0.5074,0.0000,81.7591,2022,bolsonaro
PI,8960,0.0779,0.0000,82.3129,2022,bolsonaro
PR,25721,0.1770,0.0000,80.5781,2022,bolsonaro
RJ,34068,0.1994,0.0000,77.3969,2022,bolsonaro
RN,7674,-0.0814,0.0000,82.1048,2022,bolsonaro
RO,4196,-0.1964,0.0000,75.4306,2022,bolsonaro
RR,1267,-0.2267,0.0000,83.5254,2022,bolsonaro
RS,27191,0.3526,0.0037,80.4748,2022,bolsonaro
SC,16232,0.1536,0.0000,81.7430,2022,bolsonaro
SE,5494,0.3237,0.0000,81.7283,2022,bolsonaro
SP,101043,-0.1202,0.0000,78.3250,2022,bolsonaro
TO,3957,0.1388,0.0000,81.4548,2022,bolsonaro
ZZ,996,-0.3259,0.0000,44.1708,2022,bolsonaro
AC,2124,-0.2417,0.0000,77.6054,2022,lula
AL,6626,-0.4926,0.0000,77.6749,2022,lula
AM,7452,-0.5854,0.0268,79.7088,2022,lula
AP,1739,-0.1623,0.0000,80.5979,2022,lula
BA,34419,-0.1543,0.0145,78.5466,2022,lula
CE,22794,-0.2563,0.0395,82.4424,2022,lula
DF,6746,-0.1149,0.0000,82.5194,2022,lula
ES,9237,-0.1803,0.0000,79.2867,2022,lula
GO,14619,-0.2278,0.0000,78.3461,2022,lula
MA,16416,-0.3295,0.0365,77.8299,2022,lula
MG,49961,-0.2044,0.0060,77.5984,2022,lula
MS,6912,-0.3542,0.0145,77.9224,2022,lula
MT,7652,0.0928,0.0131,76.6852,2022,lula
PA,18233,0.1235,0.0274,78.8434,2022,lula
PB,9599,-0.4550,0.0000,82.6473,2022,lula
PE,20570,-0.5205,0.0049,81.7591,2022,lula
PI,8960,-0.1022,0.0893,82.3129,2022,lula
PR,25721,-0.2369,0.0000,80.5781,2022,lula
RJ,34068,-0.1793,0.0000,77.3969,2022,lula
RN,7674,0.0812,0.0000,82.1048,2022,lula
RO,4196,0.1092,0.0000,75.4306,2022,lula
RR,1267,0.1727,0.0000,83.5254,2022,lula
RS,27191,-0.3443,0.0037,80.4748,2022,lula
SC,16232,-0.1873,0.0000,81.7430,2022,lula
SE,5494,-0.3425,0.0000,81.7283,2022,lula
SP,101043,0.0861,0.0000,78.3250,2022,lula
TO,3957,-0.1488,0.0000,81.4548,2022,lula
ZZ,996,0.3079,0.0000,44.1708,2022,lula
