uf,mun_cd,secoes,pct_violacao_BRT,pct_violacao_LOCAL
MT,90069,54,57.4000,0.0000
MT,90905,19,68.4000,0.0000
MT,90921,5,60.0000,0.0000
PE,30015,10,100.0000,100.0000
ZZ,29262,5,40.0000,40.0000
ZZ,29289,2,50.0000,50.0000
ZZ,29351,22,100.0000,100.0000
ZZ,29360,13,100.0000,100.0000
ZZ,29386,20,40.0000,40.0000
ZZ,29432,14,92.9000,92.9000
ZZ,29491,10,10.0000,10.0000
ZZ,29599,4,75.0000,75.0000
ZZ,29653,1,100.0000,100.0000
ZZ,29661,28,14.3000,14.3000
ZZ,29688,7,28.6000,28.6000
ZZ,29696,21,19.0000,19.0000
ZZ,29700,15,20.0000,20.0000
ZZ,29742,18,66.7000,66.7000
ZZ,29955,103,96.1000,96.1000
ZZ,29971,48,50.0000,50.0000
ZZ,30066,30,33.3000,33.3000
ZZ,30120,37,97.3000,97.3000
ZZ,30180,21,52.4000,52.4000
ZZ,30198,58,82.8000,82.8000
ZZ,30287,34,85.3000,85.3000
ZZ,30341,62,85.5000,85.5000
ZZ,30414,3,100.0000,100.0000
ZZ,30562,19,10.5000,10.5000
ZZ,30627,43,11.6000,11.6000
ZZ,30767,5,20.0000,20.0000
ZZ,30864,19,78.9000,78.9000
ZZ,30961,11,9.1000,9.1000
ZZ,99503,6,33.3000,33.3000
