uf,secoes,viol_BRT,viol_LOCAL,pct_viol_BRT,pct_viol_LOCAL,municipios_fora_do_padrao_BRT,secoes_em_municipios_fora_do_padrao_BRT,secoes_em_municipios_fora_do_padrao_LOCAL,latencia_mediana_min_BRT,latencia_p95_min_BRT,latencia_min_min_BRT,p05_BRT,p05_LOCAL,fuso_decidido,latencia_ref_min
AC,2270,0,0,0.0000,0.0000,0,0,0,67.8000,118.6000,7.1000,8.6000,128.6000,BRT,19.6000
AL,7101,0,0,0.0000,0.0000,0,0,0,104.7000,212.7000,5.4000,20.1000,20.1000,BRT,19.6000
AM,8157,1,0,0.0120,0.0000,0,0,0,52.5000,181.4000,-18.4000,8.2000,68.2000,BRT,19.6000
AP,1914,0,0,0.0000,0.0000,0,0,0,82.6000,165.5000,6.9000,9.9000,9.9000,BRT,19.6000
BA,35476,0,0,0.0000,0.0000,0,0,0,96.2000,219.2000,5.6000,21.8000,21.8000,BRT,19.6000
CE,23765,0,0,0.0000,0.0000,0,0,0,101.5000,226.7000,10.7000,28.7000,28.7000,BRT,19.6000
DF,6969,0,0,0.0000,0.0000,0,0,0,37.2000,88.3000,5.5000,7.8000,7.8000,BRT,19.6000
ES,9844,0,0,0.0000,0.0000,0,0,0,71.0000,113.3000,8.2000,24.3000,24.3000,BRT,19.6000
GO,15686,0,0,0.0000,0.0000,0,0,0,88.2000,173.2000,8.1000,29.6000,29.6000,BRT,19.6000
MA,18093,1,1,0.0060,0.0060,0,0,0,89.8000,221.8000,-0.2000,12.8000,12.8000,BRT,19.6000
MG,52057,0,0,0.0000,0.0000,0,0,0,104.0000,226.1000,6.3000,15.3000,15.3000,BRT,19.6000
MS,7106,0,0,0.0000,0.0000,0,0,0,59.7000,103.9000,8.5000,15.5000,75.5000,BRT,19.6000
MT,8287,47,0,0.5670,0.0000,3,78,0,68.0000,130.7000,-52.0000,-2.0000,58.0000,BRT,19.6000
PA,20827,0,0,0.0000,0.0000,0,0,0,74.7000,234.6000,1.6000,8.9000,8.9000,BRT,19.6000
PB,10712,1,1,0.0090,0.0090,0,0,0,47.8000,112.0000,-0.4000,10.3000,10.3000,BRT,19.6000
PE,21418,10,10,0.0470,0.0470,1,10,10,82.2000,172.2000,-45.9000,19.6000,19.6000,BRT,19.6000
PI,10225,0,0,0.0000,0.0000,0,0,0,81.7000,215.4000,7.2000,21.3000,21.3000,BRT,19.6000
PR,27142,0,0,0.0000,0.0000,0,0,0,67.9000,117.4000,2.0000,9.2000,9.2000,BRT,19.6000
RJ,37675,0,0,0.0000,0.0000,0,0,0,113.5000,214.8000,6.0000,39.1000,39.1000,BRT,19.6000
RN,8115,0,0,0.0000,0.0000,0,0,0,76.6000,174.6000,7.3000,14.2000,14.2000,BRT,19.6000
RO,4698,0,0,0.0000,0.0000,0,0,0,74.7000,130.0000,5.4000,7.7000,67.7000,BRT,19.6000
RR,1519,0,0,0.0000,0.0000,0,0,0,94.1000,129.7000,7.5000,11.0000,71.0000,BRT,19.6000
RS,27547,1,1,0.0040,0.0040,0,0,0,82.5000,136.6000,-24.1000,19.8000,19.8000,BRT,19.6000
SC,17326,0,0,0.0000,0.0000,0,0,0,100.2000,179.3000,6.7000,15.6000,15.6000,BRT,19.6000
SE,5923,0,0,0.0000,0.0000,0,0,0,88.6000,139.4000,26.9000,36.8000,36.8000,BRT,19.6000
SP,103644,0,0,0.0000,0.0000,0,0,0,104.2000,195.1000,9.4000,38.7000,38.7000,BRT,19.6000
TO,4384,0,0,0.0000,0.0000,0,0,0,45.7000,116.2000,5.9000,8.9000,8.9000,BRT,19.6000
ZZ,1281,428,428,33.4110,33.4110,29,679,679,4.8000,234.5000,-79.5000,-60.5000,-60.5000,NENHUM,19.6000
